發生年,發生月,發生日,發生時,發生分,處理別,區序,肇事地點,死亡人數,2-30日死亡人數,受傷人數,當事人序,車種,天候,光線,道路類別,速限,道路型態,事故位置,路面狀況1,路面狀況2,路面狀況3,道路障礙1,道路障礙2,號誌1,號誌2,車道劃分-分向,車道劃分-分道1,車道劃分-分道2,車道劃分-分道3,事故類型及型態,性別,年齡,受傷程度,主要傷處,保護裝置,行動電話,車輛用途,當事者行動狀態,駕駛資格情形,駕駛執照種類,飲酒情形,車輛撞擊部位1,車輛撞擊部位2,肇因碼-個別,肇因碼-主要,個人肇逃否,職業,旅次目的,X,Y
110,2,12,22,22,1,05中正區,中正區汀州路1段136號,1,0.0,0,2,H01,6.0,3.0,5.0,50,14.0,9.0,1.0,4.0,4.0,5.0,7.0,4.0,4.0,9.0,4.0,5.0,2.0,8.0,1,58.0,1.0,9.0,4.0,5.0,8.0,17.0,8.0,20.0,9.0,16.0,,60.0,23.0,1.0,22.0,9.0,121.5080732,25.029433
110,4,25,1,58,1,05中正區,中正區南海路與和平西路2段口,1,0.0,1,2,H01,8.0,3.0,5.0,30,4.0,1.0,1.0,5.0,4.0,5.0,7.0,1.0,1.0,5.0,4.0,5.0,2.0,3.0,1,63.0,1.0,1.0,4.0,5.0,8.0,16.0,8.0,20.0,9.0,16.0,,52.0,15.0,1.0,22.0,9.0,121.5091933,25.03048854
110,6,12,9,9,1,05中正區,中正區忠孝東路2段與金山南路1段口,1,0.0,1,3,H02,8.0,1.0,5.0,50,4.0,1.0,1.0,5.0,4.0,5.0,7.0,1.0,1.0,1.0,4.0,5.0,2.0,16.0,2,30.0,1.0,9.0,1.0,5.0,7.0,21.0,8.0,20.0,10.0,16.0,,67.0,25.0,1.0,22.0,9.0,121.5297798,25.04309015
110,8,8,14,58,1,05中正區,中正區中華路1段與長沙街1段口,1,0.0,0,1,C03,8.0,1.0,5.0,50,14.0,9.0,1.0,5.0,2.0,5.0,7.0,4.0,4.0,8.0,4.0,5.0,2.0,18.0,1,36.0,1.0,3.0,1.0,1.0,7.0,9.0,1.0,10.0,3.0,12.0,,13.0,13.0,1.0,22.0,9.0,121.5079998,25.04045549
110,8,10,4,45,1,05中正區,中正區汀州路3段25號,1,0.0,0,1,H01,8.0,3.0,5.0,40,14.0,7.0,1.0,5.0,4.0,5.0,6.0,4.0,4.0,1.0,4.0,5.0,2.0,9.0,1,76.0,1.0,1.0,4.0,5.0,8.0,20.0,8.0,20.0,10.0,16.0,,51.0,51.0,1.0,22.0,9.0,121.5262485,25.01986106
110,9,3,14,34,2,05中正區,中正區中山南路與青島西路口,0,1.0,0,2,C03,8.0,1.0,5.0,50,4.0,1.0,1.0,5.0,4.0,5.0,7.0,2.0,1.0,5.0,4.0,5.0,2.0,15.0,1,43.0,5.0,9.0,1.0,1.0,7.0,9.0,1.0,10.0,11.0,14.0,,44.0,25.0,1.0,22.0,9.0,121.519274,25.04453512
110,9,16,9,50,1,05中正區,中正區羅斯福路1段41號(中正紀念堂站3號出入口),1,0.0,0,1,F02,8.0,1.0,5.0,40,14.0,9.0,1.0,5.0,4.0,5.0,7.0,4.0,4.0,3.0,4.0,4.0,2.0,18.0,1,66.0,1.0,1.0,4.0,1.0,7.0,9.0,8.0,20.0,9.0,16.0,,42.0,42.0,1.0,22.0,9.0,121.5188748,25.03212242
110,10,4,10,20,2,05中正區,中正區中華路1段與貴陽街1段口,0,1.0,0,2,F01,8.0,1.0,5.0,50,4.0,1.0,1.0,5.0,4.0,5.0,7.0,2.0,1.0,1.0,4.0,1.0,2.0,12.0,1,84.0,5.0,1.0,4.0,1.0,7.0,9.0,8.0,20.0,11.0,16.0,,42.0,8.0,1.0,22.0,9.0,121.507495,25.03935993
110,12,9,0,45,1,05中正區,中正區辛亥車行地下道(汀州車行地下道),1,0.0,2,1,B03,8.0,3.0,5.0,40,7.0,7.0,1.0,5.0,4.0,5.0,1.0,4.0,4.0,2.0,1.0,5.0,2.0,20.0,1,22.0,1.0,1.0,2.0,4.0,7.0,6.0,1.0,8.0,2.0,8.0,,13.0,13.0,1.0,22.0,9.0,121.5271166,25.01862236
110,12,9,8,25,2,05中正區,中正區和平西路1段與重慶南路3段口口,0,1.0,1,2,H01,8.0,1.0,5.0,50,5.0,2.0,1.0,5.0,4.0,5.0,7.0,2.0,1.0,1.0,4.0,5.0,1.0,3.0,1,93.0,5.0,1.0,4.0,5.0,8.0,16.0,8.0,20.0,10.0,16.0,,52.0,23.0,1.0,22.0,9.0,121.5163166,25.02718353
109,1,3,8,56,1,11南港區,南港區研究院路2段與研究院路2段53巷口,1,0.0,0,2,H01,8.0,1.0,5.0,50,3.0,1.0,1.0,5.0,4.0,5.0,7.0,4.0,4.0,1.0,4.0,5.0,1.0,3.0,2,85.0,1.0,9.0,4.0,5.0,,8.0,16.0,8.0,20.0,10.0,16.0,67.0,15.0,1.0,22.0,9.0,121.6159417,25.04445022
109,1,3,16,50,2,12內湖區,內湖區舊宗路2段207號,0,1.0,0,2,C03,8.0,1.0,5.0,50,11.0,7.0,1.0,5.0,4.0,5.0,7.0,4.0,4.0,3.0,4.0,5.0,1.0,17.0,1,63.0,5.0,1.0,1.0,1.0,,7.0,9.0,1.0,10.0,2.0,12.0,26.0,7.0,1.0,22.0,9.0,121.5737409,25.07270881
109,1,6,11,25,1,05中正區,中正區中華路1段與漢口街1段口,1,0.0,0,2,H01,8.0,1.0,5.0,50,4.0,1.0,1.0,5.0,4.0,5.0,7.0,2.0,1.0,10.0,5.0,1.0,2.0,1.0,1,84.0,1.0,1.0,4.0,5.0,,8.0,16.0,8.0,20.0,10.0,16.0,51.0,23.0,1.0,22.0,9.0,121.5093711,25.04521984
109,1,13,19,15,2,12內湖區,內湖區環山路2段與環山路2段50巷口,0,1.0,1,2,H01,8.0,1.0,5.0,50,4.0,2.0,1.0,5.0,4.0,5.0,7.0,1.0,1.0,5.0,4.0,5.0,2.0,3.0,1,94.0,5.0,1.0,4.0,5.0,,8.0,18.0,8.0,20.0,10.0,16.0,51.0,23.0,1.0,22.0,9.0,121.5738315,25.08533455
109,1,17,9,0,1,05中正區,中正區水源路1-9號,1,0.0,0,1,C03,7.0,1.0,5.0,30,14.0,9.0,1.0,4.0,4.0,5.0,7.0,4.0,4.0,10.0,5.0,5.0,2.0,29.0,2,29.0,1.0,1.0,1.0,1.0,,7.0,15.0,1.0,10.0,9.0,14.0,43.0,43.0,1.0,22.0,9.0,121.5274716,25.01318344
109,1,29,22,45,1,04大安區,大安區和平東路2段與建國南路2段口,1,0.0,0,2,C03,8.0,3.0,5.0,50,4.0,1.0,1.0,5.0,4.0,5.0,7.0,4.0,4.0,1.0,5.0,5.0,2.0,16.0,1,19.0,1.0,9.0,1.0,1.0,,7.0,9.0,1.0,10.0,11.0,11.0,13.0,6.0,1.0,22.0,9.0,121.5379067,25.02566707
109,1,30,20,3,1,02萬華區,萬華區環河南路2段與環河南路2段130巷口,1,0.0,0,1,H01,8.0,3.0,5.0,50,3.0,2.0,1.0,5.0,4.0,5.0,7.0,4.0,4.0,2.0,5.0,5.0,1.0,3.0,2,91.0,1.0,1.0,4.0,5.0,,8.0,16.0,8.0,20.0,11.0,16.0,51.0,51.0,1.0,22.0,9.0,121.4949829,25.03618329
109,2,10,1,20,1,01大同區,大同區延平北路3段與民權西路口,1,0.0,1,1,C03,8.0,3.0,5.0,50,4.0,2.0,1.0,5.0,4.0,5.0,7.0,2.0,1.0,1.0,5.0,5.0,2.0,17.0,2,22.0,1.0,9.0,3.0,4.0,,7.0,15.0,1.0,10.0,9.0,11.0,43.0,43.0,1.0,22.0,9.0,121.5111446,25.06299954
109,2,14,4,11,1,07信義區,信義區忠孝東路5段297號,1,0.0,0,1,C03,8.0,3.0,5.0,50,14.0,9.0,1.0,5.0,4.0,5.0,7.0,4.0,4.0,9.0,4.0,5.0,2.0,13.0,1,47.0,1.0,9.0,1.0,1.0,,7.0,9.0,1.0,10.0,8.0,11.0,21.0,21.0,1.0,22.0,9.0,121.5732078,25.04098419
109,2,21,7,15,1,11南港區,南港區忠孝東路6段84號,1,0.0,0,1,C03,8.0,1.0,5.0,50,14.0,9.0,1.0,5.0,4.0,5.0,7.0,4.0,4.0,1.0,4.0,5.0,2.0,26.0,1,68.0,1.0,3.0,1.0,1.0,,7.0,9.0,1.0,10.0,2.0,11.0,43.0,43.0,1.0,22.0,9.0,121.5841043,25.04702449
109,2,23,13,28,1,12內湖區,內湖區內湖路1段與內湖路1段203巷口口,1,0.0,1,2,C03,7.0,1.0,5.0,50,4.0,2.0,1.0,5.0,4.0,5.0,7.0,2.0,1.0,1.0,4.0,5.0,2.0,16.0,1,19.0,1.0,9.0,1.0,1.0,,7.0,9.0,1.0,10.0,2.0,11.0,44.0,25.0,1.0,22.0,9.0,121.5634561,25.08338084
109,2,27,7,35,1,11南港區,南港區環東大道燈桿133,1,0.0,0,1,C02,8.0,1.0,5.0,60,10.0,9.0,1.0,5.0,4.0,5.0,1.0,4.0,4.0,8.0,3.0,5.0,1.0,20.0,1,48.0,1.0,1.0,1.0,1.0,,7.0,9.0,4.0,10.0,2.0,11.0,43.0,43.0,1.0,22.0,9.0,121.6146701,25.06353165
109,2,27,8,10,1,01大同區,大同區伊寧街與重慶北路3段口,1,0.0,0,1,H01,7.0,1.0,5.0,50,4.0,1.0,1.0,5.0,4.0,5.0,7.0,2.0,1.0,1.0,4.0,5.0,2.0,9.0,2,67.0,1.0,1.0,4.0,5.0,,8.0,16.0,8.0,20.0,10.0,16.0,52.0,52.0,1.0,22.0,9.0,121.5136459,25.06471283
109,3,2,8,4,2,12內湖區,內湖區康寧路3段99巷39弄與康寧路3段75巷24弄口,0,1.0,2,2,C03,7.0,1.0,5.0,30,4.0,1.0,1.0,5.0,4.0,5.0,7.0,4.0,4.0,10.0,5.0,5.0,2.0,15.0,1,65.0,5.0,9.0,1.0,1.0,,7.0,9.0,1.0,10.0,1.0,14.0,44.0,6.0,1.0,22.0,9.0,121.6105212,25.0739896
109,3,9,21,30,1,07信義區,信義區松壽路與松高路20巷口,1,0.0,0,1,C03,8.0,3.0,5.0,50,4.0,2.0,1.0,5.0,4.0,5.0,7.0,4.0,4.0,9.0,4.0,5.0,2.0,17.0,1,58.0,1.0,1.0,1.0,1.0,,7.0,5.0,1.0,10.0,2.0,12.0,6.0,6.0,1.0,22.0,9.0,121.5676061,25.03582493
109,3,10,8,50,1,08士林區,士林區士商路76號前,1,0.0,0,2,H01,6.0,1.0,5.0,50,14.0,9.0,1.0,4.0,4.0,5.0,7.0,4.0,4.0,5.0,5.0,5.0,2.0,3.0,2,90.0,1.0,1.0,4.0,5.0,,8.0,16.0,8.0,20.0,10.0,16.0,51.0,23.0,1.0,22.0,9.0,121.5197287,25.09109755
109,3,16,2,34,1,08士林區,士林區承德路5段與基河路口,1,0.0,0,2,C03,8.0,3.0,5.0,50,4.0,2.0,1.0,5.0,4.0,5.0,7.0,2.0,1.0,1.0,4.0,5.0,1.0,16.0,1,66.0,1.0,9.0,1.0,1.0,,7.0,5.0,1.0,10.0,9.0,12.0,44.0,25.0,1.0,21.0,8.0,121.513227,25.09776532
109,3,31,0,2,1,03中山區,中山區南京東路3段與龍江路口,1,0.0,0,2,C03,8.0,3.0,5.0,50,4.0,1.0,1.0,5.0,4.0,5.0,7.0,1.0,1.0,5.0,5.0,5.0,2.0,16.0,1,32.0,1.0,9.0,3.0,4.0,,7.0,9.0,1.0,10.0,9.0,11.0,42.0,6.0,1.0,22.0,9.0,121.5404343,25.05185423
109,4,6,10,10,2,11南港區,南港區南港路1段32號,0,1.0,1,2,C03,8.0,1.0,5.0,50,14.0,9.0,1.0,5.0,4.0,5.0,7.0,4.0,4.0,1.0,4.0,5.0,2.0,17.0,1,71.0,5.0,9.0,1.0,4.0,,7.0,21.0,1.0,10.0,1.0,15.0,17.0,17.0,1.0,22.0,9.0,121.6169255,25.0551563
109,4,8,21,51,2,01大同區,大同區重慶北路2段與涼州街口,0,1.0,1,1,H01,8.0,3.0,5.0,0,4.0,2.0,1.0,5.0,4.0,5.0,7.0,2.0,1.0,1.0,4.0,5.0,2.0,3.0,2,69.0,5.0,9.0,4.0,5.0,,8.0,16.0,8.0,20.0,10.0,16.0,52.0,52.0,1.0,22.0,9.0,121.5136116,25.06073185
109,4,10,15,7,1,11南港區,南港區南深路50號對面,1,0.0,0,1,C03,8.0,1.0,5.0,30,12.0,8.0,1.0,5.0,4.0,5.0,1.0,4.0,4.0,4.0,3.0,4.0,1.0,18.0,2,43.0,1.0,4.0,1.0,1.0,,7.0,9.0,1.0,10.0,2.0,11.0,42.0,42.0,1.0,22.0,9.0,121.623635,25.02199297
109,4,11,23,32,1,04大安區,大安區羅斯福路3段297號,1,0.0,0,2,H01,6.0,3.0,5.0,40,14.0,10.0,1.0,4.0,4.0,5.0,7.0,2.0,1.0,1.0,4.0,5.0,2.0,3.0,1,64.0,1.0,9.0,4.0,5.0,,8.0,16.0,8.0,20.0,10.0,16.0,52.0,15.0,1.0,22.0,9.0,121.5316256,25.01746556
109,4,24,20,12,1,08士林區,士林區承德路5段與承德路5段150巷口口,1,0.0,0,2,C01,8.0,3.0,5.0,50,4.0,1.0,1.0,5.0,4.0,5.0,7.0,2.0,1.0,3.0,4.0,4.0,2.0,16.0,1,23.0,1.0,1.0,1.0,1.0,,7.0,9.0,4.0,10.0,9.0,11.0,13.0,25.0,1.0,22.0,9.0,121.513199,25.09778508
109,5,4,9,45,1,03中山區,中山區林森北路與德惠街口,1,0.0,1,3,H01,8.0,1.0,5.0,50,4.0,1.0,1.0,5.0,4.0,5.0,7.0,1.0,1.0,5.0,5.0,5.0,2.0,1.0,2,94.0,1.0,9.0,4.0,5.0,,8.0,16.0,8.0,20.0,10.0,16.0,67.0,15.0,1.0,22.0,9.0,121.5257049,25.066719
109,5,4,11,24,2,01大同區,大同區民權西路235號,0,1.0,1,2,H01,8.0,1.0,5.0,50,14.0,9.0,1.0,5.0,4.0,5.0,7.0,1.0,1.0,9.0,4.0,5.0,1.0,9.0,1,68.0,5.0,1.0,4.0,5.0,,8.0,16.0,8.0,20.0,10.0,16.0,67.0,23.0,1.0,22.0,9.0,121.5119238,25.06307004
109,5,5,17,29,1,08士林區,士林區新安路與新安路56巷口,1,0.0,0,1,G02,8.0,1.0,5.0,50,3.0,1.0,1.0,5.0,4.0,5.0,7.0,4.0,4.0,5.0,5.0,5.0,1.0,26.0,1,71.0,1.0,1.0,3.0,4.0,,7.0,21.0,1.0,8.0,9.0,1.0,43.0,43.0,1.0,22.0,9.0,121.5552952,25.12114162
109,5,10,18,44,1,08士林區,士林區延平北路7段106巷與延平北路7段106巷口往社子大橋上橋處,1,0.0,1,2,C03,8.0,3.0,5.0,30,3.0,2.0,1.0,5.0,4.0,5.0,7.0,1.0,1.0,10.0,4.0,5.0,1.0,16.0,1,72.0,1.0,9.0,3.0,4.0,,7.0,21.0,1.0,10.0,9.0,15.0,44.0,25.0,1.0,22.0,9.0,121.494979,25.1100506
109,5,11,17,22,2,01大同區,大同區承德橋往士林機車道,0,1.0,1,2,F01,8.0,1.0,5.0,40,8.0,11.0,1.0,5.0,4.0,5.0,7.0,4.0,4.0,1.0,4.0,5.0,2.0,12.0,1,77.0,5.0,9.0,4.0,4.0,,7.0,15.0,8.0,20.0,2.0,16.0,44.0,23.0,1.0,22.0,9.0,121.5210554,25.0778748
109,5,13,16,22,2,01大同區,大同區台北橋機車道往三重,0,1.0,0,2,H01,8.0,1.0,5.0,50,8.0,11.0,1.0,5.0,4.0,5.0,7.0,4.0,4.0,1.0,3.0,5.0,2.0,9.0,1,84.0,5.0,1.0,4.0,5.0,,8.0,16.0,8.0,20.0,1.0,16.0,52.0,23.0,1.0,22.0,9.0,121.5105022,25.0630729
109,5,14,5,48,1,05中正區,中正區中華路2段與西藏路口,1,0.0,0,1,C04,8.0,1.0,5.0,30,4.0,1.0,1.0,5.0,4.0,5.0,7.0,1.0,1.0,5.0,4.0,4.0,2.0,15.0,1,45.0,1.0,9.0,1.0,1.0,,7.0,9.0,1.0,11.0,9.0,11.0,25.0,25.0,1.0,22.0,9.0,121.5041676,25.03005066
109,5,14,12,50,1,02萬華區,萬華區萬大路346號,1,0.0,1,1,H01,8.0,1.0,5.0,30,14.0,9.0,1.0,5.0,4.0,5.0,7.0,1.0,1.0,10.0,3.0,5.0,1.0,3.0,1,71.0,1.0,1.0,4.0,5.0,,8.0,16.0,8.0,20.0,10.0,16.0,52.0,52.0,1.0,22.0,9.0,121.4995577,25.02297427
109,5,20,12,34,2,02萬華區,萬華區大理街160巷26弄與艋舺大道口,0,1.0,0,2,H01,6.0,1.0,5.0,50,4.0,1.0,1.0,4.0,4.0,5.0,7.0,1.0,1.0,1.0,3.0,5.0,2.0,3.0,1,89.0,5.0,9.0,1.0,1.0,,8.0,16.0,8.0,20.0,10.0,16.0,52.0,44.0,1.0,22.0,9.0,121.4947072,25.03174511
109,5,20,13,32,1,09北投區,北投區中央北路2段與文化三路口,1,0.0,0,2,H01,8.0,1.0,5.0,50,3.0,2.0,1.0,5.0,4.0,5.0,7.0,2.0,1.0,5.0,4.0,5.0,1.0,3.0,2,83.0,1.0,9.0,4.0,5.0,,8.0,18.0,8.0,20.0,11.0,16.0,52.0,15.0,1.0,22.0,9.0,121.4960804,25.136549
109,5,21,14,10,1,09北投區,北投區光明路121號,1,0.0,1,2,H01,7.0,1.0,5.0,50,14.0,9.0,1.0,5.0,4.0,5.0,7.0,4.0,4.0,9.0,5.0,5.0,2.0,1.0,2,70.0,1.0,9.0,4.0,5.0,,8.0,16.0,8.0,20.0,10.0,16.0,52.0,23.0,1.0,22.0,9.0,121.5021731,25.13380457
109,5,29,10,44,1,02萬華區,萬華區西園路2段140巷48-1號,1,0.0,0,1,F01,8.0,1.0,5.0,50,14.0,9.0,1.0,5.0,4.0,5.0,7.0,4.0,4.0,8.0,3.0,5.0,1.0,16.0,2,73.0,1.0,9.0,4.0,5.0,,7.0,9.0,8.0,20.0,9.0,15.0,23.0,23.0,1.0,22.0,9.0,121.4952231,25.03132208
109,5,31,23,23,1,06松山區,松山區民生東路4段與光復北路口,1,0.0,0,2,C03,7.0,3.0,5.0,50,4.0,1.0,1.0,5.0,4.0,5.0,7.0,1.0,1.0,1.0,3.0,5.0,2.0,11.0,1,18.0,1.0,9.0,1.0,1.0,,7.0,9.0,1.0,10.0,3.0,12.0,13.0,6.0,1.0,22.0,9.0,121.5552396,25.05823631
109,6,8,3,6,1,03中山區,中山區中山橋南往北內側第一支燈桿,1,0.0,0,1,B03,8.0,3.0,5.0,40,11.0,9.0,1.0,5.0,4.0,5.0,7.0,4.0,4.0,2.0,4.0,5.0,2.0,20.0,1,25.0,1.0,1.0,2.0,4.0,,7.0,9.0,4.0,10.0,9.0,4.0,13.0,13.0,1.0,22.0,9.0,121.5248046,25.07388399
109,6,12,1,38,1,08士林區,士林區仰德大道1段NO007燈桿,1,0.0,0,1,C03,8.0,3.0,5.0,40,11.0,9.0,1.0,5.0,4.0,5.0,7.0,4.0,4.0,4.0,4.0,5.0,1.0,21.0,1,20.0,1.0,1.0,1.0,1.0,,7.0,9.0,3.0,18.0,9.0,11.0,42.0,42.0,1.0,22.0,9.0,121.5365554,25.10518144
109,6,18,7,13,1,12內湖區,內湖區南京東路6段與舊宗路1段口,1,0.0,0,1,C03,8.0,1.0,5.0,50,4.0,1.0,1.0,5.0,4.0,5.0,7.0,1.0,1.0,5.0,5.0,5.0,2.0,16.0,1,56.0,1.0,1.0,1.0,1.0,,7.0,9.0,1.0,10.0,2.0,11.0,25.0,25.0,1.0,22.0,9.0,121.5815655,25.05697774
109,6,19,9,10,1,09北投區,北投區學園路1號,1,0.0,1,2,C03,8.0,1.0,5.0,30,15.0,9.0,1.0,5.0,4.0,5.0,6.0,4.0,4.0,4.0,3.0,5.0,2.0,17.0,1,20.0,1.0,9.0,1.0,1.0,,7.0,9.0,1.0,10.0,2.0,11.0,43.0,26.0,1.0,22.0,9.0,121.4659501,25.1290175
109,6,20,23,14,1,02萬華區,萬華區華江橋往新北市與華江橋機車道口引道(還未上橋處),1,0.0,1,2,H01,8.0,3.0,5.0,40,14.0,11.0,1.0,5.0,4.0,5.0,7.0,4.0,4.0,10.0,5.0,5.0,2.0,5.0,2,66.0,1.0,1.0,4.0,5.0,,8.0,16.0,8.0,20.0,9.0,16.0,53.0,23.0,1.0,22.0,9.0,121.4948941,25.03829543
109,6,23,16,15,1,12內湖區,內湖區成功路2段320巷與民權東路6段136巷口,1,0.0,0,2,H01,8.0,1.0,5.0,30,4.0,2.0,1.0,5.0,4.0,5.0,7.0,1.0,1.0,5.0,5.0,5.0,2.0,3.0,2,94.0,1.0,1.0,4.0,1.0,,8.0,16.0,8.0,20.0,10.0,16.0,67.0,15.0,1.0,22.0,9.0,121.5877537,25.06764631
109,6,24,6,49,2,09北投區,北投區實踐街與石牌路1段39巷口,0,1.0,0,2,H01,8.0,1.0,5.0,30,5.0,1.0,1.0,5.0,4.0,5.0,7.0,4.0,4.0,1.0,5.0,5.0,2.0,3.0,2,88.0,5.0,1.0,4.0,5.0,,8.0,16.0,8.0,20.0,10.0,16.0,67.0,43.0,1.0,22.0,9.0,121.509777,25.11523465
109,7,2,8,40,1,01大同區,大同區重慶北路3段與伊寧街口,1,0.0,0,1,H01,8.0,1.0,5.0,50,4.0,1.0,1.0,5.0,4.0,5.0,7.0,2.0,1.0,1.0,4.0,5.0,2.0,3.0,2,85.0,1.0,3.0,4.0,5.0,,8.0,16.0,8.0,20.0,10.0,15.0,52.0,52.0,1.0,22.0,9.0,121.5136021,25.06474337
109,7,4,2,52,1,07信義區,信義區信義路4段與基隆路1段口,1,0.0,0,2,H01,8.0,3.0,8.0,50,4.0,2.0,1.0,5.0,4.0,5.0,7.0,2.0,1.0,1.0,4.0,1.0,2.0,3.0,2,53.0,1.0,9.0,4.0,5.0,,8.0,16.0,8.0,20.0,2.0,16.0,52.0,15.0,1.0,22.0,9.0,121.5592994,25.03312224
109,7,9,22,51,1,05中正區,中正區金山南路1段與濟南路2段口,1,0.0,0,2,F01,8.0,1.0,5.0,50,4.0,1.0,1.0,5.0,4.0,5.0,7.0,2.0,1.0,3.0,4.0,5.0,2.0,17.0,2,73.0,1.0,1.0,3.0,4.0,,7.0,15.0,8.0,20.0,9.0,16.0,26.0,25.0,1.0,22.0,9.0,121.5292021,25.04083468
109,7,13,15,40,2,10文山區,文山區興隆路4段與下崙路口,0,1.0,0,2,H01,8.0,1.0,5.0,50,4.0,1.0,1.0,5.0,4.0,5.0,7.0,2.0,1.0,9.0,4.0,5.0,1.0,9.0,2,70.0,5.0,1.0,4.0,5.0,,8.0,16.0,8.0,20.0,10.0,16.0,67.0,44.0,1.0,22.0,9.0,121.5608811,24.98661191
109,7,15,11,20,2,01大同區,大同區延平北路4段與民族西路口,0,1.0,0,2,H01,8.0,1.0,5.0,50,4.0,1.0,1.0,5.0,4.0,5.0,7.0,1.0,1.0,1.0,4.0,5.0,2.0,3.0,2,79.0,5.0,9.0,4.0,5.0,,8.0,16.0,8.0,20.0,10.0,16.0,67.0,15.0,1.0,22.0,9.0,121.5108567,25.068731
109,7,18,8,40,2,04大安區,大安區敦化南路1段與信義路4段口,0,1.0,0,2,C03,8.0,1.0,5.0,50,4.0,1.0,1.0,5.0,4.0,5.0,7.0,1.0,1.0,1.0,4.0,5.0,2.0,16.0,1,24.0,5.0,1.0,1.0,1.0,,7.0,9.0,1.0,10.0,9.0,12.0,44.0,7.0,1.0,22.0,9.0,121.5490367,25.0331513
109,7,18,11,5,1,01大同區,大同區重慶北路1段與市民大道1段口,1,0.0,0,2,F01,8.0,1.0,5.0,50,4.0,2.0,1.0,5.0,4.0,5.0,7.0,2.0,1.0,1.0,3.0,5.0,2.0,17.0,1,78.0,1.0,1.0,4.0,4.0,,7.0,9.0,8.0,20.0,10.0,16.0,44.0,9.0,1.0,22.0,9.0,121.5134215,25.04958365
109,7,21,10,2,2,07信義區,信義區和平東路3段與安居街口,0,1.0,1,2,H01,8.0,1.0,5.0,50,3.0,2.0,1.0,5.0,4.0,5.0,7.0,2.0,1.0,1.0,4.0,5.0,2.0,3.0,2,69.0,5.0,9.0,4.0,5.0,,8.0,18.0,8.0,20.0,10.0,16.0,60.0,23.0,1.0,22.0,9.0,121.5555778,25.02159192
109,7,23,0,42,1,02萬華區,萬華區青年路與西藏路125巷口,1,0.0,1,1,H01,7.0,3.0,5.0,30,3.0,2.0,1.0,5.0,4.0,5.0,7.0,2.0,1.0,5.0,5.0,5.0,1.0,9.0,1,91.0,1.0,9.0,4.0,5.0,,8.0,16.0,8.0,20.0,10.0,16.0,52.0,52.0,1.0,22.0,9.0,121.5037183,25.02518054
109,7,31,14,31,1,03中山區,中山區復興北路488號,1,0.0,0,2,C03,8.0,1.0,5.0,50,14.0,9.0,1.0,5.0,4.0,5.0,7.0,4.0,4.0,1.0,4.0,5.0,2.0,17.0,2,23.0,1.0,9.0,1.0,1.0,,7.0,9.0,1.0,10.0,2.0,12.0,44.0,43.0,1.0,22.0,9.0,121.5441964,25.06516638
109,8,26,22,24,1,10文山區,文山區興隆路3段與興德路口,1,0.0,1,2,H01,8.0,3.0,5.0,50,3.0,1.0,1.0,5.0,4.0,5.0,7.0,3.0,1.0,1.0,4.0,5.0,2.0,3.0,2,73.0,1.0,9.0,4.0,5.0,,8.0,18.0,8.0,20.0,10.0,16.0,51.0,23.0,1.0,22.0,9.0,121.5550019,25.00071158
109,9,2,10,1,1,09北投區,北投區大度路1段171號燈桿,1,0.0,0,1,C03,8.0,1.0,5.0,50,14.0,12.0,1.0,5.0,4.0,5.0,7.0,4.0,4.0,1.0,4.0,1.0,1.0,13.0,1,56.0,1.0,1.0,1.0,4.0,,7.0,9.0,1.0,10.0,11.0,11.0,23.0,23.0,1.0,22.0,9.0,121.4950743,25.12122062
109,9,6,4,0,1,02萬華區,萬華區堤外便道龍山忠孝3-02桿,1,0.0,0,1,C03,8.0,3.0,4.0,30,11.0,11.0,1.0,5.0,4.0,5.0,7.0,4.0,4.0,1.0,4.0,5.0,1.0,19.0,1,18.0,1.0,9.0,1.0,1.0,,7.0,9.0,1.0,10.0,9.0,12.0,43.0,43.0,1.0,22.0,9.0,121.5038653,25.04723102
109,9,8,0,21,2,02萬華區,萬華區西園路2段與寶興街口,0,1.0,1,2,H01,8.0,3.0,5.0,50,4.0,1.0,1.0,5.0,4.0,3.0,5.0,1.0,1.0,1.0,4.0,5.0,2.0,3.0,1,71.0,5.0,9.0,4.0,5.0,,8.0,16.0,8.0,20.0,11.0,16.0,67.0,44.0,1.0,22.0,9.0,121.4938419,25.02710549
109,9,16,12,24,1,09北投區,北投區中央北路4段601巷037燈桿,1,0.0,0,2,C03,8.0,1.0,5.0,50,14.0,9.0,1.0,5.0,4.0,5.0,7.0,4.0,4.0,8.0,3.0,5.0,2.0,17.0,2,68.0,1.0,9.0,1.0,1.0,,7.0,4.0,1.0,10.0,2.0,11.0,44.0,8.0,1.0,22.0,9.0,121.4623746,25.12121512
109,9,21,20,8,1,12內湖區,內湖區內湖路1段與內湖路1段360巷口,1,0.0,1,2,H01,8.0,3.0,5.0,50,4.0,2.0,1.0,5.0,4.0,5.0,7.0,1.0,1.0,1.0,4.0,5.0,2.0,9.0,1,53.0,1.0,9.0,4.0,5.0,,8.0,20.0,8.0,20.0,10.0,16.0,67.0,23.0,1.0,22.0,9.0,121.570849,25.0814545
109,9,25,19,2,2,08士林區,士林區文林路與文昌路口,0,1.0,0,1,C03,8.0,3.0,5.0,50,5.0,2.0,1.0,5.0,4.0,5.0,7.0,1.0,1.0,5.0,5.0,5.0,2.0,13.0,1,64.0,5.0,9.0,1.0,1.0,,7.0,9.0,6.0,10.0,9.0,11.0,23.0,23.0,1.0,22.0,9.0,121.5217094,25.10145149
109,10,13,6,50,1,04大安區,大安區和平東路3段530巷與和平東路3段口,1,0.0,1,2,C03,6.0,1.0,5.0,40,3.0,1.0,1.0,4.0,4.0,5.0,7.0,2.0,1.0,7.0,4.0,5.0,1.0,16.0,1,19.0,1.0,3.0,1.0,1.0,,7.0,9.0,1.0,10.0,9.0,14.0,44.0,6.0,1.0,22.0,9.0,121.5612057,25.01536764
109,10,15,14,50,1,06松山區,松山區民生東路4段97巷與民生東路4段口,1,0.0,0,1,H01,7.0,1.0,5.0,50,3.0,1.0,1.0,5.0,4.0,5.0,7.0,2.0,1.0,1.0,4.0,5.0,2.0,6.0,1,42.0,1.0,9.0,4.0,1.0,,8.0,18.0,8.0,20.0,10.0,16.0,52.0,52.0,1.0,22.0,9.0,121.5521175,25.05794664
109,10,16,18,24,1,05中正區,中正區忠孝東路1段與天津街口,1,0.0,1,2,C03,7.0,3.0,5.0,50,4.0,1.0,1.0,4.0,4.0,5.0,7.0,2.0,1.0,1.0,5.0,5.0,1.0,15.0,1,64.0,1.0,9.0,1.0,1.0,,7.0,9.0,1.0,10.0,11.0,11.0,44.0,25.0,1.0,21.0,8.0,121.5217176,25.04522349
109,10,20,12,4,1,08士林區,士林區東山路25巷81弄83號燈桿,1,0.0,0,1,C04,6.0,1.0,5.0,30,14.0,9.0,1.0,4.0,4.0,5.0,7.0,4.0,4.0,10.0,5.0,5.0,1.0,18.0,1,77.0,1.0,1.0,1.0,1.0,,7.0,9.0,1.0,10.0,1.0,11.0,43.0,43.0,1.0,22.0,9.0,121.5424594,25.1187527
109,10,21,5,40,1,04大安區,大安區和平東路1段178號,1,0.0,0,1,C04,6.0,2.0,5.0,50,14.0,7.0,1.0,4.0,4.0,5.0,7.0,4.0,4.0,1.0,4.0,4.0,2.0,17.0,2,22.0,1.0,1.0,1.0,1.0,,7.0,7.0,1.0,10.0,6.0,15.0,21.0,21.0,1.0,22.0,9.0,121.5293511,25.02644905
109,10,23,9,48,2,03中山區,中山區建國北路3段與民權東路3段口,0,1.0,0,2,F01,7.0,1.0,5.0,50,4.0,2.0,1.0,4.0,4.0,5.0,7.0,2.0,1.0,9.0,4.0,5.0,1.0,17.0,2,72.0,5.0,1.0,4.0,5.0,,7.0,9.0,8.0,20.0,1.0,15.0,23.0,9.0,1.0,22.0,9.0,121.5373142,25.06254296
109,10,23,13,0,1,10文山區,文山區羅斯福路5段與萬盛街口,1,0.0,2,2,H01,6.0,1.0,5.0,50,4.0,1.0,1.0,4.0,4.0,5.0,7.0,2.0,1.0,1.0,4.0,5.0,2.0,6.0,2,67.0,1.0,9.0,4.0,5.0,,8.0,18.0,8.0,20.0,10.0,16.0,52.0,15.0,1.0,22.0,9.0,121.5384688,25.00778424
109,10,25,18,20,1,11南港區,南港區市民大道7段與昆陽街口,1,0.0,1,2,C03,7.0,3.0,5.0,50,4.0,1.0,1.0,5.0,4.0,5.0,7.0,2.0,1.0,1.0,4.0,5.0,2.0,15.0,1,24.0,1.0,9.0,1.0,1.0,,7.0,9.0,1.0,10.0,2.0,11.0,13.0,25.0,1.0,22.0,9.0,121.5937382,25.05116924
109,10,28,13,17,2,01大同區,大同區大龍街與民族西路口,0,1.0,0,2,C03,8.0,1.0,5.0,50,4.0,1.0,1.0,5.0,4.0,5.0,7.0,2.0,1.0,5.0,4.0,5.0,2.0,16.0,1,82.0,5.0,9.0,3.0,4.0,,7.0,9.0,1.0,10.0,2.0,11.0,43.0,44.0,1.0,22.0,9.0,121.5158653,25.0685862
109,10,29,0,11,2,12內湖區,內湖區港墘路127巷與江南街口,0,1.0,1,2,H01,6.0,3.0,5.0,50,4.0,2.0,1.0,4.0,4.0,5.0,7.0,1.0,1.0,5.0,5.0,5.0,2.0,3.0,1,46.0,5.0,1.0,4.0,5.0,,8.0,16.0,8.0,20.0,10.0,16.0,67.0,15.0,1.0,22.0,9.0,121.5776909,25.0774718
109,11,1,11,30,2,07信義區,信義區松仁路95巷20號博愛國小門口,0,1.0,0,1,C03,8.0,1.0,5.0,30,14.0,13.0,1.0,5.0,4.0,5.0,7.0,4.0,4.0,10.0,4.0,5.0,2.0,19.0,1,54.0,5.0,9.0,3.0,4.0,,7.0,9.0,6.0,10.0,2.0,11.0,23.0,23.0,1.0,22.0,9.0,121.5709566,25.0363244
109,11,1,18,5,2,04大安區,大安區建國南路2段39巷與建國南路2段口,0,1.0,0,1,F01,6.0,3.0,5.0,30,3.0,2.0,1.0,4.0,4.0,5.0,7.0,4.0,4.0,10.0,5.0,5.0,2.0,29.0,1,82.0,5.0,1.0,4.0,1.0,,7.0,5.0,8.0,20.0,9.0,15.0,42.0,42.0,1.0,22.0,9.0,121.5381111,25.03202802
109,11,3,1,30,1,01大同區,大同區重慶北路3段與重慶北路3段120巷口,1,0.0,1,2,H01,6.0,3.0,5.0,50,4.0,1.0,1.0,4.0,4.0,5.0,7.0,2.0,1.0,1.0,5.0,1.0,1.0,9.0,1,79.0,1.0,9.0,4.0,5.0,,8.0,20.0,8.0,20.0,10.0,16.0,52.0,15.0,1.0,22.0,9.0,121.5137961,25.0672546
109,11,7,7,57,1,12內湖區,內湖區潭美街與新明路321巷口,1,0.0,0,2,C03,8.0,1.0,5.0,40,3.0,1.0,1.0,5.0,4.0,5.0,7.0,1.0,1.0,5.0,5.0,5.0,1.0,16.0,1,21.0,1.0,9.0,1.0,4.0,,7.0,9.0,1.0,10.0,2.0,14.0,13.0,6.0,1.0,22.0,9.0,121.5849487,25.055852
109,11,11,21,5,2,08士林區,士林區延平北路6段與通河西街2段口,0,1.0,2,2,C03,8.0,3.0,5.0,50,5.0,1.0,1.0,5.0,4.0,5.0,7.0,2.0,1.0,1.0,3.0,4.0,1.0,17.0,1,25.0,5.0,1.0,1.0,4.0,,7.0,9.0,1.0,10.0,11.0,11.0,43.0,43.0,1.0,22.0,9.0,121.4978428,25.0939811
109,11,13,17,22,2,05中正區,中正區辛亥路1段19號,0,1.0,1,2,H01,6.0,3.0,5.0,50,14.0,9.0,1.0,4.0,4.0,5.0,6.0,4.0,4.0,1.0,4.0,5.0,2.0,9.0,1,91.0,5.0,4.0,4.0,5.0,,8.0,16.0,8.0,20.0,9.0,16.0,67.0,43.0,1.0,22.0,9.0,121.5281253,25.01909371
109,11,19,8,54,1,08士林區,士林區文林路與德行西路口,1,0.0,0,2,H01,8.0,1.0,5.0,50,4.0,1.0,1.0,5.0,4.0,5.0,7.0,2.0,1.0,5.0,4.0,5.0,2.0,2.0,2,78.0,1.0,9.0,4.0,5.0,,8.0,16.0,8.0,20.0,10.0,16.0,51.0,15.0,1.0,22.0,9.0,121.5195553,25.10323948
109,11,30,15,58,1,06松山區,松山區延壽街與塔悠路口,1,0.0,0,2,H01,6.0,1.0,5.0,50,3.0,1.0,1.0,4.0,4.0,5.0,7.0,1.0,1.0,1.0,4.0,4.0,2.0,3.0,2,77.0,1.0,1.0,4.0,5.0,,8.0,16.0,8.0,20.0,1.0,16.0,67.0,15.0,1.0,22.0,9.0,121.5693818,25.05742243
109,12,7,1,50,2,04大安區,大安區基隆路2段與和平東路3段口,0,1.0,1,3,C03,6.0,3.0,5.0,50,5.0,1.0,1.0,4.0,4.0,5.0,7.0,2.0,1.0,1.0,3.0,5.0,1.0,17.0,2,59.0,5.0,2.0,1.0,1.0,,7.0,9.0,1.0,10.0,9.0,11.0,43.0,44.0,1.0,22.0,9.0,121.5527251,25.02457821
109,12,9,6,16,2,07信義區,信義區永吉路與永吉路326巷口,0,1.0,1,2,H01,6.0,2.0,5.0,50,4.0,1.0,1.0,4.0,4.0,5.0,7.0,1.0,1.0,1.0,4.0,4.0,2.0,3.0,2,82.0,5.0,8.0,4.0,5.0,,8.0,16.0,8.0,20.0,10.0,16.0,52.0,23.0,1.0,22.0,9.0,121.5755314,25.04547982
109,12,11,6,11,1,08士林區,士林區忠誠路2段與忠誠路2段21巷口,1,0.0,0,2,H01,6.0,3.0,5.0,50,3.0,2.0,1.0,4.0,4.0,5.0,7.0,4.0,4.0,1.0,4.0,4.0,2.0,9.0,2,80.0,1.0,1.0,4.0,5.0,,8.0,16.0,8.0,20.0,10.0,15.0,51.0,23.0,1.0,22.0,9.0,121.5304917,25.1090661
109,12,13,9,49,1,11南港區,南港區環東大道207號燈桿,1,0.0,0,1,C01,8.0,1.0,8.0,80,10.0,7.0,1.0,5.0,4.0,5.0,7.0,4.0,4.0,10.0,5.0,5.0,2.0,20.0,1,32.0,1.0,9.0,3.0,4.0,,7.0,7.0,1.0,9.0,2.0,14.0,13.0,13.0,1.0,22.0,9.0,121.608019,25.0594551
109,12,21,2,45,1,02萬華區,萬華區華江橋往新北市(華江橋汽車引道和平西路段),1,0.0,0,1,C01,6.0,3.0,5.0,50,14.0,7.0,1.0,4.0,4.0,5.0,7.0,4.0,4.0,4.0,3.0,5.0,2.0,20.0,1,55.0,1.0,1.0,1.0,1.0,,7.0,9.0,4.0,9.0,9.0,11.0,13.0,13.0,1.0,22.0,9.0,121.4958456,25.0356415
109,12,21,6,12,2,08士林區,士林區德行東路與德行東路46巷口,0,1.0,1,2,H01,6.0,2.0,5.0,50,4.0,2.0,1.0,4.0,4.0,5.0,7.0,4.0,4.0,5.0,5.0,5.0,2.0,9.0,2,79.0,5.0,9.0,4.0,5.0,,8.0,21.0,8.0,20.0,10.0,16.0,67.0,44.0,1.0,22.0,9.0,121.5262088,25.106912
109,12,22,19,43,1,11南港區,南港區南港橋西往東方向外側車道橋頭起7公尺,1,0.0,1,1,C03,6.0,3.0,5.0,50,14.0,9.0,1.0,4.0,4.0,5.0,7.0,4.0,4.0,9.0,4.0,5.0,2.0,12.0,1,45.0,1.0,1.0,1.0,1.0,,7.0,9.0,1.0,10.0,9.0,14.0,23.0,23.0,1.0,22.0,9.0,121.6206755,25.05479681
109,12,24,3,12,1,03中山區,中山區建國高架道與建國高架道口往北民權東路上方,1,0.0,0,1,B03,6.0,3.0,5.0,70,10.0,16.0,1.0,4.0,4.0,5.0,7.0,4.0,4.0,9.0,4.0,5.0,2.0,23.0,1,37.0,1.0,9.0,3.0,1.0,,7.0,9.0,1.0,8.0,8.0,1.0,21.0,21.0,1.0,5.0,5.0,121.5371118,25.06120321
109,12,29,8,35,2,02萬華區,萬華區中華路2段與國興路口,0,1.0,0,2,H01,8.0,1.0,5.0,50,4.0,2.0,1.0,5.0,4.0,5.0,7.0,1.0,1.0,9.0,4.0,5.0,1.0,2.0,2,81.0,5.0,1.0,4.0,5.0,,8.0,16.0,8.0,20.0,10.0,16.0,67.0,43.0,1.0,22.0,9.0,121.5091073,25.02502626
108,4,17,14,50,1,01大同區,大同區長安西路66號建成國中地下停車場出入口,1,,0,1,C03,8.0,,,50,14.0,9.0,,,,,,,,,,,,,1,75.0,1.0,,,,,,,,,,,,,,,,,
108,7,7,19,17,1,01大同區,大同區延平北路3段與民族西路口,1,,1,2,H01,8.0,,,0,4.0,1.0,,,,,,,,,,,,,2,69.0,1.0,,,,,,,,,,,,,,,,,
108,7,14,6,44,1,01大同區,大同區環河北路2段與敦煌路口,1,,0,2,C03,8.0,,,50,4.0,1.0,,,,,,,,,,,,,1,59.0,1.0,,,,,,,,,,,,,,,,,
108,4,9,11,13,1,01大同區,大同區重慶北路3段120巷與延平北路3段83巷口,1,,1,1,C03,8.0,,,30,4.0,1.0,,,,,,,,,,,,,1,72.0,1.0,,,,,,,,,,,,,,,,,
108,8,18,6,20,1,01大同區,大同區重慶北路1段與鄭州路口,1,,0,2,C03,8.0,,,40,4.0,1.0,,,,,,,,,,,,,1,29.0,1.0,,,,,,,,,,,,,,,,,
108,11,20,9,23,1,01大同區,大同區民權西路與蘭州街口,1,,0,2,H01,8.0,,,50,4.0,1.0,,,,,,,,,,,,,2,66.0,1.0,,,,,,,,,,,,,,,,,
108,5,1,0,13,1,02萬華區,萬華區西園路1段與和平西路3段口,1,,0,2,H01,6.0,,,50,5.0,2.0,,,,,,,,,,,,,1,67.0,1.0,,,,,,,,,,,,,,,,,
108,1,26,19,46,1,02萬華區,萬華區環河快速道路上匝道處,1,,3,2,C02,8.0,,,40,10.0,7.0,,,,,,,,,,,,,1,64.0,1.0,,,,,,,,,,,,,,,,,
108,5,27,13,30,1,02萬華區,萬華區環河南路2段與環河南路2段175巷口,1,,0,2,C02,6.0,,,50,4.0,2.0,,,,,,,,,,,,,1,19.0,1.0,,,,,,,,,,,,,,,,,
108,4,7,19,54,1,02萬華區,萬華區西園路2段與莒光路口,1,,0,1,C03,8.0,,,50,3.0,1.0,,,,,,,,,,,,,1,42.0,1.0,,,,,,,,,,,,,,,,,
108,4,22,5,8,1,03中山區,中山區新生北路1段與南京東路1段口,1,,0,2,F01,7.0,,,50,4.0,1.0,,,,,,,,,,,,,1,49.0,1.0,,,,,,,,,,,,,,,,,
108,4,13,18,6,1,03中山區,中山區中山北路2段與民權西路口,1,,1,2,H01,7.0,,,0,4.0,1.0,,,,,,,,,,,,,1,71.0,1.0,,,,,,,,,,,,,,,,,
108,4,1,10,39,1,03中山區,中山區民權東路3段75巷2弄與民權東路3段75巷口,1,,0,2,H01,8.0,,,30,13.0,9.0,,,,,,,,,,,,,2,60.0,1.0,,,,,,,,,,,,,,,,,
108,5,31,6,35,1,03中山區,中山區八德路2段與建國北路1段口,1,,1,2,H01,8.0,,,50,4.0,2.0,,,,,,,,,,,,,2,68.0,1.0,,,,,,,,,,,,,,,,,
108,1,8,18,26,1,03中山區,中山區自強隧道圓環往大直 北往南,1,,0,2,C03,8.0,,,50,16.0,9.0,,,,,,,,,,,,,2,22.0,1.0,,,,,,,,,,,,,,,,,
108,2,26,20,0,1,03中山區,中山區中山北路1段105巷與天津街口,1,,0,2,H01,7.0,,,50,4.0,2.0,,,,,,,,,,,,,1,75.0,1.0,,,,,,,,,,,,,,,,,
108,6,25,11,0,1,03中山區,中山區天祥路60巷與天祥路口前,1,,0,2,H01,8.0,,,50,4.0,1.0,,,,,,,,,,,,,1,63.0,1.0,,,,,,,,,,,,,,,,,
108,7,28,14,38,1,03中山區,中山區民族東路518號對面,1,,0,1,C02,8.0,,,0,11.0,9.0,,,,,,,,,,,,,1,67.0,1.0,,,,,,,,,,,,,,,,,
108,9,5,16,13,2,03中山區,中山區大直街67巷與大直街101巷口,0,,1,1,F01,7.0,,,40,4.0,2.0,,,,,,,,,,,,,2,68.0,5.0,,,,,,,,,,,,,,,,,
108,10,14,21,12,1,03中山區,中山區民生西路與民生西路3巷口,1,,1,2,H01,7.0,,,50,3.0,1.0,,,,,,,,,,,,,1,74.0,1.0,,,,,,,,,,,,,,,,,
108,12,18,20,34,1,03中山區,中山區松江路204巷,1,,0,1,C03,8.0,,,50,14.0,9.0,,,,,,,,,,,,,1,26.0,1.0,,,,,,,,,,,,,,,,,
108,11,8,13,40,1,03中山區,中山區復興北路與五常街口,1,,0,2,C03,8.0,,,50,4.0,2.0,,,,,,,,,,,,,1,18.0,1.0,,,,,,,,,,,,,,,,,
108,1,2,3,17,1,04大安區,大安區敦化南路2段與信義路4段口,1,,0,1,C03,6.0,,,50,4.0,1.0,,,,,,,,,,,,,1,49.0,1.0,,,,,,,,,,,,,,,,,
108,6,27,18,40,1,04大安區,大安區臥龍街131巷13弄與臥龍街151巷口,1,,2,2,F01,7.0,,,40,4.0,2.0,,,,,,,,,,,,,2,26.0,1.0,,,,,,,,,,,,,,,,,
108,6,12,9,42,1,04大安區,大安區市民大道4段124號,1,,0,2,H01,8.0,,,40,14.0,9.0,,,,,,,,,,,,,2,82.0,1.0,,,,,,,,,,,,,,,,,
108,1,18,8,56,1,04大安區,大安區和平東路3段60號,1,,0,3,C03,8.0,,,50,14.0,9.0,,,,,,,,,,,,,2,42.0,1.0,,,,,,,,,,,,,,,,,
108,9,7,7,45,1,04大安區,大安區大安路1段116巷與復興南路1段口,1,,1,2,C01,8.0,,,50,4.0,1.0,,,,,,,,,,,,,1,21.0,1.0,,,,,,,,,,,,,,,,,
108,9,29,15,33,1,04大安區,大安區忠孝東路3段與復興南路1段口,1,,0,2,F01,6.0,,,50,4.0,1.0,,,,,,,,,,,,,2,55.0,1.0,,,,,,,,,,,,,,,,,
108,6,28,23,16,1,04大安區,大安區羅斯福路2段與和平東路1段口,1,,1,2,C01,8.0,,,50,5.0,1.0,,,,,,,,,,,,,1,36.0,1.0,,,,,,,,,,,,,,,,,
108,9,21,0,3,1,04大安區,大安區辛亥路3段與芳蘭路口,1,,0,2,C03,6.0,,,50,14.0,9.0,,,,,,,,,,,,,1,19.0,1.0,,,,,,,,,,,,,,,,,
108,7,6,17,58,1,04大安區,大安區忠孝東路4段325號國父紀念館1號出口,1,,1,2,H01,8.0,,,40,15.0,22.0,,,,,,,,,,,,,2,57.0,1.0,,,,,,,,,,,,,,,,,
108,7,20,5,57,1,04大安區,大安區基隆路2段與敦化南路2段口,1,,0,2,C03,8.0,,,50,3.0,1.0,,,,,,,,,,,,,1,19.0,1.0,,,,,,,,,,,,,,,,,
108,4,26,11,58,1,04大安區,大安區富陽街152巷2號,1,,0,2,H01,8.0,,,40,14.0,9.0,,,,,,,,,,,,,2,75.0,1.0,,,,,,,,,,,,,,,,,
108,5,18,6,7,1,04大安區,大安區基隆路2段與敦化南路2段口,1,,0,2,C03,8.0,,,50,3.0,1.0,,,,,,,,,,,,,1,52.0,1.0,,,,,,,,,,,,,,,,,
108,4,24,7,41,1,04大安區,大安區信義路2段與杭州南路2段口,1,,1,4,H02,8.0,,,50,4.0,1.0,,,,,,,,,,,,,1,0.0,1.0,,,,,,,,,,,,,,,,,
108,3,7,14,9,2,04大安區,大安區忠孝東路4段與延吉街口,0,,0,2,H01,6.0,,,50,4.0,1.0,,,,,,,,,,,,,2,65.0,5.0,,,,,,,,,,,,,,,,,
108,10,17,11,34,2,04大安區,大安區復興南路2段148巷與瑞安街61巷口,0,,1,2,H01,8.0,,,30,4.0,1.0,,,,,,,,,,,,,1,70.0,5.0,,,,,,,,,,,,,,,,,
108,11,15,21,38,1,04大安區,大安區辛亥路2段171巷與辛亥路2段口東往西快車道,1,,0,1,B03,8.0,,,0,3.0,2.0,,,,,,,,,,,,,1,39.0,1.0,,,,,,,,,,,,,,,,,
108,11,30,9,48,1,04大安區,大安區忠孝東路3段與新生南路1段口,1,,0,1,C03,8.0,,,50,14.0,9.0,,,,,,,,,,,,,1,31.0,1.0,,,,,,,,,,,,,,,,,
108,9,9,7,45,2,04大安區,大安區復興南路2段與瑞安街23巷口,0,,0,2,H01,8.0,,,0,4.0,1.0,,,,,,,,,,,,,2,64.0,5.0,,,,,,,,,,,,,,,,,
108,9,4,18,30,1,05中正區,中正區林森南路地下道北往南,1,,0,2,C03,8.0,,,50,7.0,9.0,,,,,,,,,,,,,1,32.0,1.0,,,,,,,,,,,,,,,,,
108,3,12,19,12,1,05中正區,中正區忠孝西路1段與重慶北路1段口,1,,0,2,H01,7.0,,,50,4.0,2.0,,,,,,,,,,,,,2,43.0,1.0,,,,,,,,,,,,,,,,,
108,5,30,10,50,2,05中正區,中正區寧波西街88-1號,0,,1,2,C03,8.0,,,50,14.0,9.0,,,,,,,,,,,,,1,71.0,5.0,,,,,,,,,,,,,,,,,
108,1,4,9,1,2,05中正區,中正區汀州路3段24巷與汀州路3段口口,0,,1,2,F06,8.0,,,40,3.0,1.0,,,,,,,,,,,,,1,88.0,5.0,,,,,,,,,,,,,,,,,
108,8,7,5,25,1,05中正區,中正區羅斯福路4段118號,1,,0,1,C03,8.0,,,50,14.0,9.0,,,,,,,,,,,,,1,23.0,1.0,,,,,,,,,,,,,,,,,
108,12,4,17,26,2,05中正區,中正區永福橋上橋處,0,,1,3,C03,7.0,,,50,14.0,9.0,,,,,,,,,,,,,1,77.0,5.0,,,,,,,,,,,,,,,,,
108,4,14,8,1,1,06松山區,松山區市民大道5段與東寧路口,1,,0,2,C03,8.0,,,50,3.0,1.0,,,,,,,,,,,,,2,41.0,1.0,,,,,,,,,,,,,,,,,
108,7,27,7,23,1,06松山區,松山區光復北路與民生東路5段口,1,,5,3,H02,8.0,,,50,4.0,1.0,,,,,,,,,,,,,2,67.0,1.0,,,,,,,,,,,,,,,,,
108,1,13,18,12,1,08士林區,士林區延平北路5段與葫蘆街口,1,,1,2,H01,8.0,,,50,3.0,1.0,,,,,,,,,,,,,1,58.0,1.0,,,,,,,,,,,,,,,,,
108,1,9,21,40,1,08士林區,士林區中山北路6段與德行西路口,1,,1,1,C03,8.0,,,50,14.0,9.0,,,,,,,,,,,,,1,41.0,1.0,,,,,,,,,,,,,,,,,
108,2,19,16,51,1,08士林區,士林區格致路與愛富二街口,1,,0,2,H01,8.0,,,40,4.0,2.0,,,,,,,,,,,,,2,20.0,1.0,,,,,,,,,,,,,,,,,
108,7,8,19,23,1,08士林區,士林區中正路與福港街口,1,,2,2,C03,8.0,,,50,14.0,9.0,,,,,,,,,,,,,2,69.0,1.0,,,,,,,,,,,,,,,,,
108,8,3,7,19,1,08士林區,士林區平菁街038燈桿,1,,0,2,F01,8.0,,,40,11.0,9.0,,,,,,,,,,,,,1,48.0,1.0,,,,,,,,,,,,,,,,,
108,7,25,6,3,1,08士林區,士林區延平北路6段183號,1,,0,2,F01,8.0,,,50,14.0,9.0,,,,,,,,,,,,,2,80.0,1.0,,,,,,,,,,,,,,,,,
108,9,13,9,20,1,08士林區,士林區環河北路3段與葫蘆街口,1,,4,2,C02,8.0,,,50,3.0,2.0,,,,,,,,,,,,,1,55.0,1.0,,,,,,,,,,,,,,,,,
108,10,13,18,4,1,08士林區,士林區中正路580號百齡橋下橋處,1,,0,2,C03,8.0,,,50,15.0,9.0,,,,,,,,,,,,,1,20.0,1.0,,,,,,,,,,,,,,,,,
108,12,28,6,48,1,08士林區,士林區承德路4段與承德路4段80巷口,1,,0,2,C03,8.0,,,50,5.0,2.0,,,,,,,,,,,,,1,20.0,1.0,,,,,,,,,,,,,,,,,
108,12,12,23,7,1,08士林區,士林區仰德大道1段007燈桿旁,1,,1,1,C03,8.0,,,40,14.0,9.0,,,,,,,,,,,,,1,19.0,1.0,,,,,,,,,,,,,,,,,
108,5,30,14,44,1,09北投區,北投區洲美快速道路第137號燈桿前,1,,3,3,H02,8.0,,,80,10.0,9.0,,,,,,,,,,,,,2,95.0,1.0,,,,,,,,,,,,,,,,,
108,3,20,10,5,1,09北投區,北投區承德路7段與承德路7段393巷口,1,,0,2,C03,8.0,,,60,4.0,2.0,,,,,,,,,,,,,1,23.0,1.0,,,,,,,,,,,,,,,,,
108,2,26,19,3,1,09北投區,北投區西安街1段與東陽街口,1,,0,2,H01,7.0,,,50,4.0,2.0,,,,,,,,,,,,,2,73.0,1.0,,,,,,,,,,,,,,,,,
108,8,31,15,41,1,09北投區,北投區大度路2段與承德路7段401巷620弄口往北市,1,,3,4,H02,8.0,,,70,5.0,1.0,,,,,,,,,,,,,2,42.0,1.0,,,,,,,,,,,,,,,,,
108,11,25,14,53,1,09北投區,北投區石牌路2段343巷與石牌路2段口,1,,0,2,H01,6.0,,,50,4.0,1.0,,,,,,,,,,,,,2,69.0,1.0,,,,,,,,,,,,,,,,,
108,6,22,10,9,1,09北投區,北投區紗帽路第109號燈桿前,1,,0,2,F01,8.0,,,30,11.0,9.0,,,,,,,,,,,,,1,39.0,1.0,,,,,,,,,,,,,,,,,
108,1,1,1,54,1,09北投區,北投區竹子湖路086燈桿,1,,0,1,C03,6.0,,,40,11.0,9.0,,,,,,,,,,,,,1,25.0,1.0,,,,,,,,,,,,,,,,,
108,10,14,12,20,1,09北投區,北投區大興街與北投路1段口,1,,0,2,H01,8.0,,,50,4.0,1.0,,,,,,,,,,,,,2,91.0,1.0,,,,,,,,,,,,,,,,,
108,1,15,12,42,1,09北投區,北投區行義路154巷,1,,1,1,C03,8.0,,,40,11.0,9.0,,,,,,,,,,,,,1,16.0,1.0,,,,,,,,,,,,,,,,,
108,11,12,4,5,1,09北投區,北投區洲美快速道路012號燈桿,1,,1,2,H03,8.0,,,60,14.0,9.0,,,,,,,,,,,,,1,53.0,1.0,,,,,,,,,,,,,,,,,
108,11,26,1,40,1,09北投區,北投區中央北路3段200號,1,,0,2,H01,7.0,,,50,14.0,9.0,,,,,,,,,,,,,2,61.0,1.0,,,,,,,,,,,,,,,,,
108,7,19,6,15,1,10文山區,文山區秀明路2段31號,1,,1,2,C03,8.0,,,50,11.0,7.0,,,,,,,,,,,,,1,47.0,1.0,,,,,,,,,,,,,,,,,
108,3,1,15,25,1,10文山區,文山區老泉街45巷樟湖幹92B7125FC59電線桿,1,,0,3,H01,7.0,,,30,11.0,9.0,,,,,,,,,,,,,2,34.0,1.0,,,,,,,,,,,,,,,,,
108,1,22,1,5,1,10文山區,文山區羅斯福路5段50號(公車分隔島),1,,1,1,C03,6.0,,,50,14.0,10.0,,,,,,,,,,,,,1,18.0,1.0,,,,,,,,,,,,,,,,,
108,11,11,5,45,1,10文山區,文山區羅斯福路6段與景隆街口,1,,0,2,F01,8.0,,,50,4.0,2.0,,,,,,,,,,,,,1,61.0,1.0,,,,,,,,,,,,,,,,,
108,12,10,19,58,1,10文山區,文山區景隆街36巷與景隆街口,1,,0,2,H01,8.0,,,50,3.0,2.0,,,,,,,,,,,,,2,54.0,1.0,,,,,,,,,,,,,,,,,
108,3,17,21,45,1,12內湖區,內湖區港墘路與瑞光路口,1,,0,2,C03,6.0,,,50,4.0,1.0,,,,,,,,,,,,,1,20.0,1.0,,,,,,,,,,,,,,,,,
108,1,10,18,38,1,12內湖區,內湖區環山路3段與環山路3段30巷口,1,,2,4,H02,7.0,,,50,3.0,1.0,,,,,,,,,,,,,1,2.0,1.0,,,,,,,,,,,,,,,,,
108,1,23,18,5,1,12內湖區,內湖區潭美街195號,1,,1,2,H01,8.0,,,40,14.0,9.0,,,,,,,,,,,,,2,80.0,1.0,,,,,,,,,,,,,,,,,
108,1,14,2,27,1,12內湖區,內湖區成功路5段CMS094告示牌,1,,0,1,B03,8.0,,,50,11.0,13.0,,,,,,,,,,,,,1,22.0,1.0,,,,,,,,,,,,,,,,,
108,2,9,20,27,1,12內湖區,內湖區潭美街與安美街口,1,,0,2,C03,7.0,,,40,3.0,1.0,,,,,,,,,,,,,2,27.0,1.0,,,,,,,,,,,,,,,,,
108,2,21,17,58,1,12內湖區,內湖區南京東路6段368巷10號前,1,,0,2,H01,7.0,,,0,14.0,9.0,,,,,,,,,,,,,1,89.0,1.0,,,,,,,,,,,,,,,,,
108,2,22,7,9,1,12內湖區,內湖區民權東路6段21巷口,1,,0,2,H01,6.0,,,50,14.0,7.0,,,,,,,,,,,,,1,56.0,1.0,,,,,,,,,,,,,,,,,
108,5,24,15,51,1,12內湖區,內湖區內湖路3段與內湖路3段256巷口內(金龍禪寺後方道路),1,,0,1,C03,8.0,,,30,11.0,9.0,,,,,,,,,,,,,2,64.0,1.0,,,,,,,,,,,,,,,,,
108,8,1,0,24,1,12內湖區,內湖區堤頂大道2段與基湖路口,1,,0,1,C01,8.0,,,70,4.0,1.0,,,,,,,,,,,,,1,46.0,1.0,,,,,,,,,,,,,,,,,
108,10,17,8,25,1,12內湖區,內湖區成功路5段37號前,1,,0,2,H01,7.0,,,50,14.0,9.0,,,,,,,,,,,,,1,89.0,1.0,,,,,,,,,,,,,,,,,
108,10,3,7,43,1,11南港區,南港區環東大道(西向東031號燈桿),1,,0,1,C02,8.0,,,80,10.0,9.0,,,,,,,,,,,,,1,46.0,1.0,,,,,,,,,,,,,,,,,
108,9,5,11,30,2,11南港區,南港區南港路3段168號,0,,0,2,H01,8.0,,,50,14.0,9.0,,,,,,,,,,,,,1,77.0,5.0,,,,,,,,,,,,,,,,,
108,2,9,3,56,1,07信義區,信義區松仁路與信義路5段150巷14弄口,1,,0,2,C03,7.0,,,50,13.0,9.0,,,,,,,,,,,,,1,20.0,1.0,,,,,,,,,,,,,,,,,
108,4,9,16,10,1,07信義區,信義區林口街與忠孝東路5段524巷1弄口,1,,0,2,H01,8.0,,,40,5.0,2.0,,,,,,,,,,,,,2,71.0,1.0,,,,,,,,,,,,,,,,,
108,3,26,6,46,1,07信義區,信義區基隆路2段與嘉興街216巷口,1,,1,2,C02,8.0,,,50,4.0,1.0,,,,,,,,,,,,,1,27.0,1.0,,,,,,,,,,,,,,,,,
108,6,3,15,15,1,07信義區,信義區忠孝東路5段372巷27弄與忠孝東路5段372巷口,1,,1,2,H01,8.0,,,50,13.0,9.0,,,,,,,,,,,,,2,80.0,1.0,,,,,,,,,,,,,,,,,
108,10,10,8,3,1,07信義區,信義區基隆路1段430號對面,1,,0,2,C03,8.0,,,50,14.0,9.0,,,,,,,,,,,,,2,52.0,1.0,,,,,,,,,,,,,,,,,
107,3,22,17,21,1,01大同區,大同區台北橋汽車道往三重,1,,1,1,C02,8.0,,,50,8.0,9.0,,,,,,,,,,,,,1,24.0,1.0,,,,,,,,,,,,,,,,,
107,11,5,17,38,2,01大同區,大同區民生西路47號雙連捷運站2號出口前,0,,1,1,H01,8.0,,,0,14.0,9.0,,,,,,,,,,,,,1,64.0,5.0,,,,,,,,,,,,,,,,,
107,6,26,4,50,1,01大同區,大同區民族西路284號與民族西路口,1,,1,2,H01,8.0,,,0,5.0,2.0,,,,,,,,,,,,,1,78.0,1.0,,,,,,,,,,,,,,,,,
107,8,16,6,29,1,01大同區,大同區忠孝橋機車道號往三重機車道,1,,1,1,C03,8.0,,,40,8.0,5.0,,,,,,,,,,,,,1,21.0,1.0,,,,,,,,,,,,,,,,,
107,6,25,13,5,1,01大同區,大同區台北橋機車引道三重往台北,1,,0,1,C03,8.0,,,40,8.0,11.0,,,,,,,,,,,,,1,53.0,1.0,,,,,,,,,,,,,,,,,
107,6,14,22,2,1,01大同區,大同區環河北路2段與酒泉街口,1,,1,3,C02,7.0,,,0,3.0,1.0,,,,,,,,,,,,,1,33.0,1.0,,,,,,,,,,,,,,,,,
107,7,31,9,18,1,01大同區,大同區鄭州路與塔城街口,1,,0,2,C03,8.0,,,40,4.0,1.0,,,,,,,,,,,,,1,33.0,1.0,,,,,,,,,,,,,,,,,
107,8,13,22,48,1,02萬華區,萬華區環河南路1段與武昌街2段口,1,,1,1,C03,8.0,,,50,4.0,1.0,,,,,,,,,,,,,1,21.0,1.0,,,,,,,,,,,,,,,,,
107,4,23,8,50,1,02萬華區,萬華區環河南路2段與環河南路2段149巷口,1,,0,2,H01,8.0,,,50,3.0,2.0,,,,,,,,,,,,,2,77.0,1.0,,,,,,,,,,,,,,,,,
107,2,28,5,53,1,02萬華區,萬華區西園路1段與和平西路3段口,1,,1,2,H01,8.0,,,50,4.0,1.0,,,,,,,,,,,,,1,57.0,1.0,,,,,,,,,,,,,,,,,
107,11,10,8,16,1,02萬華區,萬華區西藏路318號與萬大路口,1,,0,2,F01,6.0,,,50,4.0,1.0,,,,,,,,,,,,,2,57.0,1.0,,,,,,,,,,,,,,,,,
107,4,16,10,0,1,02萬華區,萬華區西園路1段與和平西路3段口,1,,0,2,H01,8.0,,,50,4.0,2.0,,,,,,,,,,,,,1,64.0,1.0,,,,,,,,,,,,,,,,,
107,9,19,9,13,1,02萬華區,萬華區環河南路1段與成都路口,1,,0,2,C03,8.0,,,50,4.0,1.0,,,,,,,,,,,,,1,64.0,1.0,,,,,,,,,,,,,,,,,
107,12,19,16,37,2,02萬華區,萬華區環河南路1段302號,0,,1,2,H01,8.0,,,50,14.0,9.0,,,,,,,,,,,,,1,65.0,5.0,,,,,,,,,,,,,,,,,
107,12,16,9,40,2,03中山區,中山區八德路2段與復興北路口,0,,2,2,C03,8.0,,,50,4.0,1.0,,,,,,,,,,,,,2,49.0,5.0,,,,,,,,,,,,,,,,,
107,1,3,14,47,1,03中山區,中山區民權東路2段與松江路口,1,,0,2,H01,8.0,,,50,4.0,1.0,,,,,,,,,,,,,2,75.0,1.0,,,,,,,,,,,,,,,,,
107,2,14,21,47,1,03中山區,中山區民族東路129號,1,,0,2,H01,8.0,,,50,14.0,7.0,,,,,,,,,,,,,2,75.0,1.0,,,,,,,,,,,,,,,,,
107,3,28,2,52,1,03中山區,中山區南京東路2段與松江路口,1,,0,2,C03,7.0,,,50,4.0,2.0,,,,,,,,,,,,,2,60.0,1.0,,,,,,,,,,,,,,,,,
107,8,24,14,22,1,03中山區,中山區民權東路2段與建國北路2段口北側迴轉道,1,,0,1,F01,6.0,,,50,14.0,7.0,,,,,,,,,,,,,1,82.0,1.0,,,,,,,,,,,,,,,,,
107,8,7,3,55,1,03中山區,中山區中山橋北往南倒數第一燈桿,1,,0,1,C03,8.0,,,50,8.0,9.0,,,,,,,,,,,,,1,18.0,1.0,,,,,,,,,,,,,,,,,
107,9,6,5,51,2,03中山區,中山區民權東路1段與林森北路口,0,,1,2,H01,8.0,,,50,4.0,1.0,,,,,,,,,,,,,2,103.0,5.0,,,,,,,,,,,,,,,,,
107,9,20,8,31,1,03中山區,中山區吉林路166號與吉林路119巷口,1,,1,2,C03,8.0,,,50,4.0,1.0,,,,,,,,,,,,,1,57.0,1.0,,,,,,,,,,,,,,,,,
107,11,17,22,20,1,03中山區,中山區民生東路1段與林森北路口,1,,0,2,H01,8.0,,,50,4.0,2.0,,,,,,,,,,,,,2,16.0,1.0,,,,,,,,,,,,,,,,,
107,11,17,15,4,1,03中山區,中山區民權東路3段與龍江路口,1,,1,2,H01,7.0,,,50,4.0,1.0,,,,,,,,,,,,,1,80.0,1.0,,,,,,,,,,,,,,,,,
107,12,1,1,15,1,03中山區,中山區民權東路1段48號,1,,0,2,H01,8.0,,,50,14.0,9.0,,,,,,,,,,,,,2,56.0,1.0,,,,,,,,,,,,,,,,,
107,12,20,22,20,1,03中山區,中山區新生高架道與長春路口往南長春匝道前,1,,0,1,B03,8.0,,,70,10.0,5.0,,,,,,,,,,,,,1,73.0,1.0,,,,,,,,,,,,,,,,,
107,11,13,18,31,1,03中山區,中山區堤頂大道2段與樂群二路口,1,,0,1,C02,7.0,,,70,4.0,1.0,,,,,,,,,,,,,1,57.0,1.0,,,,,,,,,,,,,,,,,
107,11,6,8,38,1,03中山區,中山區民權東路3段與復興北路口,1,,1,2,H01,8.0,,,50,4.0,2.0,,,,,,,,,,,,,1,89.0,1.0,,,,,,,,,,,,,,,,,
107,8,15,3,42,1,04大安區,大安區羅斯福路4段21號(銘傳國小旁),1,,0,2,H01,8.0,,,50,14.0,9.0,,,,,,,,,,,,,2,73.0,1.0,,,,,,,,,,,,,,,,,
107,1,11,11,30,1,04大安區,大安區信義路3段134巷與建國南路2段151巷口,1,,0,2,H01,8.0,,,40,13.0,9.0,,,,,,,,,,,,,1,88.0,1.0,,,,,,,,,,,,,,,,,
107,2,20,4,9,1,04大安區,大安區市民大道4段與忠孝東路4段223巷口(西南角),1,,0,1,C03,8.0,,,40,14.0,9.0,,,,,,,,,,,,,1,19.0,1.0,,,,,,,,,,,,,,,,,
107,5,13,21,9,1,04大安區,大安區安和路1段135巷前,1,,0,2,H01,8.0,,,50,14.0,18.0,,,,,,,,,,,,,2,64.0,1.0,,,,,,,,,,,,,,,,,
107,12,3,1,59,1,04大安區,大安區忠孝東路3段與復興南路1段口,1,,0,2,C03,7.0,,,50,4.0,1.0,,,,,,,,,,,,,1,26.0,1.0,,,,,,,,,,,,,,,,,
107,9,23,5,33,1,04大安區,大安區基隆路4段43號,1,,2,3,C03,8.0,,,50,15.0,22.0,,,,,,,,,,,,,2,48.0,1.0,,,,,,,,,,,,,,,,,
107,11,9,7,9,1,04大安區,大安區光復南路202號,1,,0,2,C03,7.0,,,50,14.0,9.0,,,,,,,,,,,,,1,22.0,1.0,,,,,,,,,,,,,,,,,
107,1,18,23,48,1,05中正區,中正區公園路30號與信陽街口,1,,0,1,H01,6.0,,,50,3.0,2.0,,,,,,,,,,,,,2,68.0,1.0,,,,,,,,,,,,,,,,,
107,7,6,15,10,1,05中正區,中正區中山南路與愛國東路口,1,,1,2,C03,8.0,,,50,11.0,9.0,,,,,,,,,,,,,2,18.0,1.0,,,,,,,,,,,,,,,,,
107,10,1,12,1,1,05中正區,中正區市民大道1段與承德路1段口,1,,1,1,H01,8.0,,,40,4.0,1.0,,,,,,,,,,,,,1,76.0,1.0,,,,,,,,,,,,,,,,,
107,5,8,5,26,1,05中正區,中正區泉州街32號對面,1,,0,2,F01,6.0,,,50,14.0,7.0,,,,,,,,,,,,,2,78.0,1.0,,,,,,,,,,,,,,,,,
107,6,18,14,13,1,05中正區,中正區中華路2段與和平西路2段口,1,,0,2,H01,8.0,,,40,4.0,1.0,,,,,,,,,,,,,2,75.0,1.0,,,,,,,,,,,,,,,,,
107,10,10,8,57,2,06松山區,松山區敦化南路1段102號,0,,0,2,F01,6.0,,,50,15.0,7.0,,,,,,,,,,,,,1,67.0,5.0,,,,,,,,,,,,,,,,,
107,7,30,23,30,1,06松山區,松山區健康路131號與健康路口,1,,1,2,H01,8.0,,,50,4.0,1.0,,,,,,,,,,,,,1,85.0,1.0,,,,,,,,,,,,,,,,,
107,5,22,1,30,1,06松山區,松山區南京東路4段56號,2,,2,1,B03,8.0,,,50,14.0,5.0,,,,,,,,,,,,,1,38.0,1.0,,,,,,,,,,,,,,,,,
107,5,22,1,30,1,06松山區,松山區南京東路4段56號,2,,2,3,H02,8.0,,,50,14.0,5.0,,,,,,,,,,,,,2,36.0,1.0,,,,,,,,,,,,,,,,,
107,10,11,17,45,1,06松山區,松山區南京東路4段21號,3,,1,2,H01,6.0,,,50,14.0,8.0,,,,,,,,,,,,,1,66.0,1.0,,,,,,,,,,,,,,,,,
107,10,11,17,45,1,06松山區,松山區南京東路4段21號,3,,1,3,H01,6.0,,,50,14.0,8.0,,,,,,,,,,,,,2,64.0,1.0,,,,,,,,,,,,,,,,,
107,10,11,17,45,1,06松山區,松山區南京東路4段21號,3,,1,4,H01,6.0,,,50,14.0,8.0,,,,,,,,,,,,,1,64.0,1.0,,,,,,,,,,,,,,,,,
107,3,20,17,46,1,06松山區,松山區健康路與塔悠路口,1,,3,5,C03,6.0,,,50,4.0,4.0,,,,,,,,,,,,,1,66.0,1.0,,,,,,,,,,,,,,,,,
107,11,5,6,26,1,06松山區,松山區富錦街與新東街口,1,,0,2,H01,7.0,,,50,4.0,1.0,,,,,,,,,,,,,2,66.0,1.0,,,,,,,,,,,,,,,,,
107,5,16,18,30,1,08士林區,士林區忠誠路2段與天母東路口,1,,1,1,C03,8.0,,,50,4.0,1.0,,,,,,,,,,,,,1,19.0,1.0,,,,,,,,,,,,,,,,,
107,6,8,9,45,1,08士林區,士林區中山北路6段與福國路口,1,,0,1,C03,8.0,,,50,3.0,2.0,,,,,,,,,,,,,1,69.0,1.0,,,,,,,,,,,,,,,,,
107,7,7,5,20,1,08士林區,士林區自強隧道士林往大直,2,,3,4,H03,8.0,,,40,6.0,9.0,,,,,,,,,,,,,1,49.0,1.0,,,,,,,,,,,,,,,,,
107,7,7,5,20,1,08士林區,士林區自強隧道士林往大直,2,,3,5,H02,8.0,,,40,6.0,9.0,,,,,,,,,,,,,2,27.0,1.0,,,,,,,,,,,,,,,,,
107,5,2,7,32,1,08士林區,士林區仰德大道1段下山方向N10燈桿處,1,,0,1,C03,8.0,,,50,14.0,9.0,,,,,,,,,,,,,1,18.0,1.0,,,,,,,,,,,,,,,,,
107,7,5,6,44,1,08士林區,士林區百齡左岸河濱公園241燈桿處,1,,0,1,C03,8.0,,,50,14.0,9.0,,,,,,,,,,,,,1,26.0,1.0,,,,,,,,,,,,,,,,,
107,7,13,5,51,1,08士林區,士林區中正路與雨農路口往西第1格停車格,1,,1,1,C03,8.0,,,50,14.0,8.0,,,,,,,,,,,,,1,20.0,1.0,,,,,,,,,,,,,,,,,
107,8,7,16,7,1,08士林區,士林區後港街66號,1,,0,2,C03,8.0,,,50,14.0,9.0,,,,,,,,,,,,,1,77.0,1.0,,,,,,,,,,,,,,,,,
107,9,21,23,51,1,08士林區,士林區仰德大道1段編號第007燈桿處南向北,1,,0,1,C02,8.0,,,40,14.0,9.0,,,,,,,,,,,,,1,23.0,1.0,,,,,,,,,,,,,,,,,
107,9,4,9,44,1,08士林區,士林區承德路4段與承德路4段266巷口,1,,1,2,H03,8.0,,,50,14.0,7.0,,,,,,,,,,,,,1,53.0,1.0,,,,,,,,,,,,,,,,,
107,8,26,9,57,1,08士林區,士林區忠誠路1段與忠義街口,1,,0,2,F01,8.0,,,50,4.0,1.0,,,,,,,,,,,,,1,88.0,1.0,,,,,,,,,,,,,,,,,
107,8,30,7,50,1,08士林區,士林區中山北路5段與幸福街口,1,,0,2,H01,8.0,,,50,3.0,1.0,,,,,,,,,,,,,2,85.0,1.0,,,,,,,,,,,,,,,,,
107,9,22,8,30,2,08士林區,士林區文林路255巷與文林路口,0,,0,2,H01,8.0,,,50,3.0,2.0,,,,,,,,,,,,,2,79.0,5.0,,,,,,,,,,,,,,,,,
107,10,16,13,16,2,08士林區,士林區葫蘆街與葫蘆街135巷口,0,,0,1,C03,8.0,,,40,4.0,1.0,,,,,,,,,,,,,1,64.0,5.0,,,,,,,,,,,,,,,,,
107,11,4,16,27,1,08士林區,士林區中山北路5段6號,1,,0,1,C01,8.0,,,50,14.0,9.0,,,,,,,,,,,,,1,33.0,1.0,,,,,,,,,,,,,,,,,
107,10,11,17,33,2,08士林區,士林區故宮路與至善路2段口,0,,0,2,C04,7.0,,,50,14.0,9.0,,,,,,,,,,,,,2,37.0,5.0,,,,,,,,,,,,,,,,,
107,11,17,6,45,1,08士林區,士林區中正路305巷口前,1,,0,2,H01,6.0,,,50,14.0,9.0,,,,,,,,,,,,,1,75.0,1.0,,,,,,,,,,,,,,,,,
107,12,30,18,30,1,08士林區,士林區中正路219號與中正路212巷口,1,,0,2,C03,7.0,,,50,4.0,2.0,,,,,,,,,,,,,1,15.0,1.0,,,,,,,,,,,,,,,,,
107,10,15,9,15,1,09北投區,北投區大度路2段與大度路2段口第二迴轉道,1,,0,1,E02,7.0,,,70,3.0,2.0,,,,,,,,,,,,,1,45.0,1.0,,,,,,,,,,,,,,,,,
107,8,18,22,50,1,09北投區,北投區中央北路3段206號,1,,2,1,C03,8.0,,,50,14.0,9.0,,,,,,,,,,,,,1,30.0,1.0,,,,,,,,,,,,,,,,,
107,4,19,11,23,1,09北投區,北投區復興三路與復興四路口口,1,,0,1,B03,8.0,,,30,3.0,1.0,,,,,,,,,,,,,2,57.0,1.0,,,,,,,,,,,,,,,,,
107,3,25,12,57,1,09北投區,北投區大度路3段163號與大度路3段口無名巷,1,,3,2,C03,8.0,,,70,3.0,2.0,,,,,,,,,,,,,1,48.0,1.0,,,,,,,,,,,,,,,,,
107,5,3,17,0,1,09北投區,北投區大度路1段與中央北路2段257巷口口,1,,0,2,C03,8.0,,,70,4.0,2.0,,,,,,,,,,,,,1,22.0,1.0,,,,,,,,,,,,,,,,,
107,12,9,16,18,2,09北投區,北投區陽明路1段64號與陽明路1段口,0,,0,2,H01,6.0,,,50,4.0,1.0,,,,,,,,,,,,,1,80.0,5.0,,,,,,,,,,,,,,,,,
107,11,24,12,59,1,09北投區,北投區竹子湖路第117號燈桿,1,,1,1,C02,8.0,,,40,14.0,9.0,,,,,,,,,,,,,1,36.0,1.0,,,,,,,,,,,,,,,,,
107,9,10,13,5,1,09北投區,北投區大度路2段041燈桿,1,,0,1,C03,7.0,,,50,14.0,11.0,,,,,,,,,,,,,1,17.0,1.0,,,,,,,,,,,,,,,,,
107,5,15,21,36,1,10文山區,文山區木柵路1段與木柵路1段76巷口口,1,,0,2,C03,8.0,,,50,4.0,1.0,,,,,,,,,,,,,1,45.0,1.0,,,,,,,,,,,,,,,,,
107,10,19,17,59,1,10文山區,文山區萬美街1段與萬安街口,1,,0,2,H01,7.0,,,50,3.0,2.0,,,,,,,,,,,,,2,77.0,1.0,,,,,,,,,,,,,,,,,
107,10,21,17,32,2,10文山區,文山區懷恩隧道口北往南方向(往新店方向),0,,0,1,C03,8.0,,,50,6.0,9.0,,,,,,,,,,,,,2,58.0,5.0,,,,,,,,,,,,,,,,,
107,10,20,10,13,2,10文山區,文山區溪洲街P302號柱,0,,1,2,H01,8.0,,,30,14.0,9.0,,,,,,,,,,,,,2,78.0,5.0,,,,,,,,,,,,,,,,,
107,8,4,19,38,1,12內湖區,內湖區內湖路2段103巷101號,1,,1,2,H01,8.0,,,30,14.0,9.0,,,,,,,,,,,,,1,94.0,1.0,,,,,,,,,,,,,,,,,
107,4,9,21,18,1,11南港區,南港區研究院路2段與大坑街口口,1,,0,2,C03,8.0,,,50,4.0,1.0,,,,,,,,,,,,,1,18.0,1.0,,,,,,,,,,,,,,,,,
107,8,10,17,30,2,11南港區,南港區八德路4段與東新街口,0,,0,1,C04,8.0,,,50,5.0,1.0,,,,,,,,,,,,,1,72.0,5.0,,,,,,,,,,,,,,,,,
107,12,28,13,25,1,11南港區,南港區松河街320號,1,,0,1,C03,6.0,,,40,14.0,9.0,,,,,,,,,,,,,1,83.0,1.0,,,,,,,,,,,,,,,,,
107,12,27,11,34,1,11南港區,南港區研究院路1段與研究院路1段151巷口,1,,0,3,C03,6.0,,,50,4.0,1.0,,,,,,,,,,,,,2,40.0,1.0,,,,,,,,,,,,,,,,,
107,12,14,18,13,2,11南港區,南港區忠孝東路7段575號對面,0,,1,1,H01,6.0,,,50,14.0,18.0,,,,,,,,,,,,,1,67.0,5.0,,,,,,,,,,,,,,,,,
107,12,30,14,2,2,11南港區,南港區南港路1段與興中路口,0,,0,2,H01,6.0,,,50,4.0,1.0,,,,,,,,,,,,,1,59.0,5.0,,,,,,,,,,,,,,,,,
107,1,9,5,20,1,07信義區,信義區信義路5段20號,1,,0,2,H01,6.0,,,50,14.0,18.0,,,,,,,,,,,,,2,60.0,1.0,,,,,,,,,,,,,,,,,
107,7,13,11,18,1,07信義區,信義區永吉路120巷與永吉路30巷119弄口,1,,0,1,C03,8.0,,,40,4.0,1.0,,,,,,,,,,,,,1,75.0,1.0,,,,,,,,,,,,,,,,,
107,8,10,11,54,1,07信義區,信義區永吉路30巷與永吉路30巷101弄口,1,,0,2,H01,8.0,,,50,4.0,2.0,,,,,,,,,,,,,2,91.0,1.0,,,,,,,,,,,,,,,,,
107,12,9,18,14,1,07信義區,信義區和平東路3段與富陽街口,1,,3,2,H01,6.0,,,50,5.0,2.0,,,,,,,,,,,,,1,69.0,1.0,,,,,,,,,,,,,,,,,
106,5,2,10,15,1,01大同區,大同區鄭州路與延平北路1段口,1,,1,1,C03,8.0,,,40,4.0,1.0,,,,,,,,,,,,,2,66.0,1.0,,,,,,,,,,,,,,,,,
106,7,18,15,55,1,01大同區,大同區重慶北路2段64巷26號與重慶北路2段46巷口,1,,0,2,H01,8.0,,,30,3.0,2.0,,,,,,,,,,,,,2,4.0,1.0,,,,,,,,,,,,,,,,,
106,12,5,5,51,1,01大同區,大同區承德路3段與酒泉街口,1,,0,2,H01,6.0,,,50,4.0,2.0,,,,,,,,,,,,,2,77.0,1.0,,,,,,,,,,,,,,,,,
106,10,27,16,14,1,01大同區,大同區承德路3段與庫倫街口,1,,3,3,H01,8.0,,,50,4.0,1.0,,,,,,,,,,,,,2,58.0,1.0,,,,,,,,,,,,,,,,,
106,1,29,23,27,1,02萬華區,萬華區萬大路493巷,1,,1,2,H01,7.0,,,50,14.0,9.0,,,,,,,,,,,,,1,66.0,1.0,,,,,,,,,,,,,,,,,
106,9,1,5,2,1,02萬華區,萬華區艋舺大道214號前方,1,,0,1,C03,7.0,,,50,14.0,8.0,,,,,,,,,,,,,1,51.0,1.0,,,,,,,,,,,,,,,,,
106,6,29,19,49,1,02萬華區,萬華區南寧路與三水街口,1,,0,2,H01,2.0,,,50,4.0,1.0,,,,,,,,,,,,,1,79.0,1.0,,,,,,,,,,,,,,,,,
106,3,8,2,35,1,02萬華區,萬華區萬大路與華中橋口往中和環快下方,1,,1,1,B03,6.0,,,40,8.0,9.0,,,,,,,,,,,,,1,71.0,1.0,,,,,,,,,,,,,,,,,
106,10,9,17,52,1,02萬華區,萬華區環河南快速道往南第二層接環河南路匝道口,1,,2,4,H02,8.0,,,40,10.0,5.0,,,,,,,,,,,,,1,0.0,1.0,,,,,,,,,,,,,,,,,
106,2,7,19,59,1,03中山區,中山區民族東路與濱江街180巷口,1,,0,1,C03,7.0,,,50,4.0,2.0,,,,,,,,,,,,,1,41.0,1.0,,,,,,,,,,,,,,,,,
106,4,13,11,5,1,03中山區,中山區吉林路12巷與吉林路口,1,,0,2,C03,8.0,,,50,3.0,1.0,,,,,,,,,,,,,1,48.0,1.0,,,,,,,,,,,,,,,,,
106,3,19,6,13,1,03中山區,中山區錦西街與民生西路3巷口,1,,0,2,H01,6.0,,,50,4.0,1.0,,,,,,,,,,,,,1,81.0,1.0,,,,,,,,,,,,,,,,,
106,9,21,0,25,1,03中山區,中山區中山橋往北,1,,0,1,C03,7.0,,,40,8.0,9.0,,,,,,,,,,,,,2,17.0,1.0,,,,,,,,,,,,,,,,,
106,9,17,1,6,1,03中山區,中山區中山北路1段與中山北路1段33巷口,1,,0,2,H01,8.0,,,50,14.0,9.0,,,,,,,,,,,,,1,48.0,1.0,,,,,,,,,,,,,,,,,
106,9,23,6,4,1,03中山區,中山區南京東路2段36號,1,,0,2,H01,8.0,,,50,14.0,9.0,,,,,,,,,,,,,2,84.0,1.0,,,,,,,,,,,,,,,,,
106,12,31,23,42,1,03中山區,中山區復興北路與長安東路2段口,1,,1,2,C03,8.0,,,50,4.0,1.0,,,,,,,,,,,,,1,39.0,1.0,,,,,,,,,,,,,,,,,
106,4,4,8,47,1,04大安區,大安區羅斯福路4段85號,1,,0,1,C03,8.0,,,50,14.0,9.0,,,,,,,,,,,,,1,53.0,1.0,,,,,,,,,,,,,,,,,
106,3,21,11,58,1,04大安區,大安區愛國東路210巷,1,,1,2,H01,8.0,,,50,4.0,2.0,,,,,,,,,,,,,1,83.0,1.0,,,,,,,,,,,,,,,,,
106,1,25,6,53,1,04大安區,大安區市民大道3段與建國南路1段口,1,,1,2,H01,7.0,,,40,4.0,1.0,,,,,,,,,,,,,1,75.0,1.0,,,,,,,,,,,,,,,,,
106,3,6,5,53,1,04大安區,大安區仁愛路4段與光復南路口,1,,0,2,H01,6.0,,,50,4.0,1.0,,,,,,,,,,,,,1,91.0,1.0,,,,,,,,,,,,,,,,,
106,6,8,14,47,1,04大安區,大安區羅斯福路4段公館捷運站2號出口,1,,3,5,H01,8.0,,,50,14.0,22.0,,,,,,,,,,,,,2,68.0,1.0,,,,,,,,,,,,,,,,,
106,11,29,5,39,1,04大安區,大安區羅斯福路3段與師大路口,1,,1,2,H01,8.0,,,50,4.0,1.0,,,,,,,,,,,,,2,72.0,1.0,,,,,,,,,,,,,,,,,
106,7,14,20,4,1,04大安區,大安區復興南路2段151巷30弄與和平東路2段265巷37弄口,1,,1,1,C03,8.0,,,0,14.0,9.0,,,,,,,,,,,,,1,65.0,1.0,,,,,,,,,,,,,,,,,
106,2,21,5,50,1,05中正區,中正區新生南路1段與仁愛路2段口,1,,0,2,C03,8.0,,,50,4.0,1.0,,,,,,,,,,,,,1,26.0,1.0,,,,,,,,,,,,,,,,,
106,8,13,12,46,1,05中正區,中正區重慶南路1段130號前,1,,0,2,C03,8.0,,,50,14.0,9.0,,,,,,,,,,,,,1,68.0,1.0,,,,,,,,,,,,,,,,,
106,10,4,5,50,1,05中正區,中正區中華路1段與忠孝西路1段口,1,,0,2,C03,8.0,,,50,5.0,1.0,,,,,,,,,,,,,1,62.0,1.0,,,,,,,,,,,,,,,,,
106,10,24,10,46,1,05中正區,中正區信義路1段與中山南路口,1,,0,2,H01,7.0,,,40,5.0,2.0,,,,,,,,,,,,,1,88.0,1.0,,,,,,,,,,,,,,,,,
106,3,14,12,30,1,05中正區,中正區和平西路2段與寧波西街口,1,,0,2,C03,7.0,,,50,4.0,1.0,,,,,,,,,,,,,1,24.0,1.0,,,,,,,,,,,,,,,,,
106,12,25,23,16,1,05中正區,中正區三元街與三元街152巷口,1,,1,2,H01,8.0,,,50,4.0,1.0,,,,,,,,,,,,,1,78.0,1.0,,,,,,,,,,,,,,,,,
106,5,31,19,12,1,05中正區,中正區西藏路與中華路2段315巷5弄口口,1,,0,2,C03,7.0,,,50,3.0,1.0,,,,,,,,,,,,,1,21.0,1.0,,,,,,,,,,,,,,,,,
106,2,7,1,58,1,06松山區,松山區民權東路4段與光復北路口,1,,0,2,H01,8.0,,,50,4.0,1.0,,,,,,,,,,,,,1,50.0,1.0,,,,,,,,,,,,,,,,,
106,7,17,11,51,1,06松山區,松山區民權東路5段與塔悠路口,1,,2,2,C03,8.0,,,50,3.0,1.0,,,,,,,,,,,,,2,53.0,1.0,,,,,,,,,,,,,,,,,
106,2,26,5,58,1,08士林區,士林區至善路1段138巷,1,,0,1,C03,6.0,,,50,3.0,1.0,,,,,,,,,,,,,1,27.0,1.0,,,,,,,,,,,,,,,,,
106,4,11,22,20,1,08士林區,士林區基河路190號對面,1,,0,2,H01,6.0,,,50,14.0,22.0,,,,,,,,,,,,,2,80.0,1.0,,,,,,,,,,,,,,,,,
106,5,31,3,35,1,08士林區,士林區仰德大道2段第44燈桿,1,,0,1,C03,8.0,,,40,14.0,9.0,,,,,,,,,,,,,1,44.0,1.0,,,,,,,,,,,,,,,,,
106,7,29,6,14,1,08士林區,士林區通河東街2段抽水站旁,1,,1,2,H01,8.0,,,0,14.0,9.0,,,,,,,,,,,,,1,45.0,1.0,,,,,,,,,,,,,,,,,
106,7,19,8,15,1,08士林區,士林區仰德大道3段與新安路口,4,,11,1,A12,8.0,,,40,14.0,9.0,,,,,,,,,,,,,1,41.0,1.0,,,,,,,,,,,,,,,,,
106,7,19,8,15,1,08士林區,士林區仰德大道3段與新安路口,4,,11,2,B03,8.0,,,40,14.0,9.0,,,,,,,,,,,,,1,51.0,1.0,,,,,,,,,,,,,,,,,
106,7,19,8,15,1,08士林區,士林區仰德大道3段與新安路口,4,,11,12,C03,8.0,,,40,14.0,9.0,,,,,,,,,,,,,1,43.0,1.0,,,,,,,,,,,,,,,,,
106,7,19,8,15,1,08士林區,士林區仰德大道3段與新安路口,4,,11,13,C03,8.0,,,40,14.0,9.0,,,,,,,,,,,,,2,24.0,1.0,,,,,,,,,,,,,,,,,
106,8,30,6,30,1,08士林區,士林區基河路與無名巷口(兒童樂園旁),1,,0,2,C03,8.0,,,40,3.0,1.0,,,,,,,,,,,,,2,60.0,1.0,,,,,,,,,,,,,,,,,
106,11,2,10,2,1,08士林區,士林區百齡橋與承德路5段口西向東下承德路引道,1,,0,2,C03,8.0,,,50,14.0,9.0,,,,,,,,,,,,,2,57.0,1.0,,,,,,,,,,,,,,,,,
106,11,7,13,54,1,08士林區,士林區中山北路4段67號斜對面,1,,0,2,H01,8.0,,,50,14.0,7.0,,,,,,,,,,,,,1,88.0,1.0,,,,,,,,,,,,,,,,,
106,11,29,1,59,1,08士林區,士林區中正路與文林路口,1,,1,3,H02,8.0,,,0,4.0,4.0,,,,,,,,,,,,,2,28.0,1.0,,,,,,,,,,,,,,,,,
106,12,26,0,21,1,08士林區,士林區仰德大道1段上山方向A08燈桿,1,,0,1,C03,8.0,,,40,14.0,9.0,,,,,,,,,,,,,1,19.0,1.0,,,,,,,,,,,,,,,,,
106,1,12,2,25,1,09北投區,北投區大業路527巷第Y09號燈桿,1,,0,1,C03,8.0,,,50,14.0,9.0,,,,,,,,,,,,,1,58.0,1.0,,,,,,,,,,,,,,,,,
106,4,15,0,6,1,09北投區,北投區陽金公路002燈桿,1,,0,1,C02,7.0,,,40,14.0,9.0,,,,,,,,,,,,,1,41.0,1.0,,,,,,,,,,,,,,,,,
106,6,17,4,54,1,09北投區,北投區中央北路4段與學園路口,1,,1,2,H01,6.0,,,50,3.0,1.0,,,,,,,,,,,,,2,86.0,1.0,,,,,,,,,,,,,,,,,
106,7,15,8,21,1,09北投區,北投區石牌路2段與裕民一路口,1,,0,2,H01,8.0,,,50,4.0,2.0,,,,,,,,,,,,,1,77.0,1.0,,,,,,,,,,,,,,,,,
106,10,29,3,27,1,09北投區,北投區承德路6段004號燈桿往北投,1,,0,1,C03,6.0,,,0,14.0,8.0,,,,,,,,,,,,,1,60.0,1.0,,,,,,,,,,,,,,,,,
106,4,13,21,34,1,10文山區,文山區辛亥路6段90號,1,,0,2,H01,6.0,,,50,14.0,9.0,,,,,,,,,,,,,1,54.0,1.0,,,,,,,,,,,,,,,,,
106,1,13,18,1,1,10文山區,文山區興隆路3段163巷3號,1,,0,2,H01,6.0,,,50,14.0,7.0,,,,,,,,,,,,,2,54.0,1.0,,,,,,,,,,,,,,,,,
106,1,4,14,20,1,12內湖區,內湖區行忠路與民權東路6段46巷口,1,,0,1,C03,8.0,,,50,3.0,1.0,,,,,,,,,,,,,1,39.0,1.0,,,,,,,,,,,,,,,,,
106,4,26,6,29,1,12內湖區,內湖區安康路228巷與潭美街口,1,,0,2,C03,8.0,,,40,3.0,1.0,,,,,,,,,,,,,1,17.0,1.0,,,,,,,,,,,,,,,,,
106,3,8,18,42,1,12內湖區,內湖區安康路與永保街口口,1,,0,2,C03,6.0,,,40,3.0,1.0,,,,,,,,,,,,,1,48.0,1.0,,,,,,,,,,,,,,,,,
106,7,8,21,12,1,12內湖區,內湖區民權大橋上橋處(東向西),1,,1,2,C03,6.0,,,50,14.0,11.0,,,,,,,,,,,,,1,38.0,1.0,,,,,,,,,,,,,,,,,
106,10,27,20,43,1,12內湖區,內湖區民權大橋西向東,1,,2,2,F01,8.0,,,40,14.0,11.0,,,,,,,,,,,,,1,52.0,1.0,,,,,,,,,,,,,,,,,
106,12,2,20,6,1,12內湖區,內湖區內湖路3段59巷與金龍路口口,2,,0,2,H01,6.0,,,50,3.0,1.0,,,,,,,,,,,,,1,74.0,1.0,,,,,,,,,,,,,,,,,
106,12,2,20,6,1,12內湖區,內湖區內湖路3段59巷與金龍路口口,2,,0,3,H01,6.0,,,50,3.0,1.0,,,,,,,,,,,,,1,3.0,1.0,,,,,,,,,,,,,,,,,
106,7,7,11,58,1,11南港區,南港區研究院路2段12巷58弄與研究院路2段12巷口,1,,1,1,C03,8.0,,,30,4.0,1.0,,,,,,,,,,,,,1,70.0,1.0,,,,,,,,,,,,,,,,,
106,6,22,11,50,1,11南港區,南港區南港路1段360號,1,,0,3,F01,8.0,,,50,14.0,9.0,,,,,,,,,,,,,1,53.0,1.0,,,,,,,,,,,,,,,,,
106,7,25,6,0,1,11南港區,南港區忠孝東路6段159巷與忠孝東路6段口,1,,0,1,F01,8.0,,,50,4.0,2.0,,,,,,,,,,,,,1,86.0,1.0,,,,,,,,,,,,,,,,,
106,1,30,17,56,1,07信義區,信義區福德街231號前,1,,1,2,H01,6.0,,,50,14.0,9.0,,,,,,,,,,,,,1,91.0,1.0,,,,,,,,,,,,,,,,,
106,4,11,10,54,1,07信義區,信義區松隆路300號,1,,0,2,H01,6.0,,,50,14.0,9.0,,,,,,,,,,,,,2,90.0,1.0,,,,,,,,,,,,,,,,,
106,9,7,6,7,1,07信義區,信義區信義路5段與松仁路口口,1,,1,3,H01,8.0,,,50,4.0,2.0,,,,,,,,,,,,,2,70.0,1.0,,,,,,,,,,,,,,,,,
